Site,Reg,Clicks,Score1,VSr1,ISr1,VRr1,IRr1,FB1,Facebook1,OAuth1,login1,signin1,connect1,account1,forum1,Score2,VSr2,ISr2,VRr2,IRr2,FB2,Facebook2,OAuth2,login2,signin2,connect2,account2,forum2
http://www.pinterest.com,FALSE,1,11,0,0,0,0,0,1,0,1,0,1,0,0,,,,,,,,,,,,,
http://www.yahoo.com,FALSE,1,20,-1,0,-1,0,4,2,0,5,1,0,0,0,,,,,,,,,,,,,
http://www.bing.com,FALSE,2,5,0,0,0,0,0,0,0,0,1,0,0,0,61,0,0,0,0,2,3,0,0,2,1,0,0
http://www.huffingtonpost.com,TRUE,2,8,0,0,0,0,0,0,0,3,0,1,0,0,30,0,0,0,0,0,2,0,1,0,1,0,0
http://www.answers.com,FALSE,1,19,-1,0,-1,0,2,1,0,7,1,0,0,0,,,,,,,,,,,,,
http://www.ehow.com,noFB,,,,,,,,,,,,,,,,,,,,,,,,,,,
http://www.ask.com,FALSE,2,6,0,0,0,0,0,0,0,0,2,0,0,0,40,0,0,0,0,1,2,0,0,2,0,0,0
http://www.comcast.net,TRUE,2,8,-1,1,-1,1,0,0,0,2,2,0,0,0,41,0,0,0,0,2,1,0,1,1,1,0,0
http://www.wikia.com,FALSE,2,8,0,1,0,1,0,0,0,4,0,0,0,0,51,0,0,0,0,0,4,0,2,0,1,0,0
http://www.whitepages.com,FALSE,2,7,-1,0,-1,2,0,0,0,3,0,0,0,0,30,0,0,0,0,2,0,0,0,0,2,0,0
http://www.nytimes.com,FALSE,1,10,-1,0,-1,0,1,0,0,1,0,0,0,0,,,,,,,,,,,,,
http://www.buzzfeed.com,FALSE,2,9,0,0,0,0,0,0,0,0,5,0,0,0,40,0,0,0,0,3,0,0,1,1,0,0,0
http://www.yellowpages.com,FALSE,2,7,0,0,0,0,0,0,0,1,2,0,1,0,29,0,0,0,0,0,2,0,1,0,0,0,0
http://www.vimeo.com,TRUE,2,8,0,0,0,0,0,0,0,4,0,0,0,0,19,0,0,0,0,0,1,0,1,0,0,0,0
http://www.imdb.com,FALSE,2,8,0,0,0,0,0,0,0,4,0,0,0,0,51,0,0,0,0,0,4,3,0,0,0,0,0
http://www.nydailynews.com,TRUE,2,8,0,0,0,0,0,0,0,3,1,0,0,0,39,0,0,0,0,0,3,0,1,0,0,0,0
http://www.imgur.com,TRUE,2,11,-1,0,-1,0,0,2,0,0,1,0,0,0,19,0,1,0,1,0,1,0,0,1,0,0,0
http://www.reference.com,error,,,,,,,,,,,,,,,,,,,,,,,,,,,
http://www.mapquest.com,FALSE,2,7,0,0,0,0,0,0,0,1,2,0,0,0,40,-1,0,-1,0,0,3,0,1,1,0,0,0
http://www.ancestry.com,TRUE,2,15,0,0,0,0,1,1,0,2,3,0,0,0,39,-1,1,-1,1,3,0,0,0,1,0,0,0
http://www.photobucket.com,FALSE,1,13,0,1,0,1,0,3,0,2,0,0,0,0,,,,,,,,,,,,,
http://www.msnbc.com,FALSE,1,12,-1,0,-1,0,1,1,0,0,0,2,0,0,,,,,,,,,,,,,
http://www.cnet.com,TRUE,1,12,-1,0,-1,0,0,3,0,1,0,0,0,0,,,,,,,,,,,,,
http://www.hulu.com,TRUE,2,7,-1,-1,-1,0,0,0,0,0,0,0,3,0,41,0,0,0,0,1,2,0,3,0,0,0,0
http://www.mlb.com,FALSE,1,14,0,0,0,0,2,1,0,3,0,0,0,0,,,,,,,,,,,,,
http://www.goodreads.com,TRUE,1,14,0,0,0,0,0,3,0,0,1,2,2,0,,,,,,,,,,,,,
http://www.fandango.com,FALSE,2,8,0,0,0,0,0,0,0,1,3,0,0,0,51,0,0,0,0,3,1,0,1,1,1,0,0
http://www.wunderground.com,TRUE,2,7,0,0,0,0,0,0,0,2,1,0,0,0,41,0,0,0,0,0,3,0,2,1,0,0,0
http://www.tripadvisor.com,FALSE,1,12,0,0,0,0,0,3,0,1,0,0,0,0,,,,,,,,,,,,,
http://www.thepostgame.com,noFB,,,,,,,,,,,,,,,,,,,,,,,,,,,
http://www.netflix.com,TRUE,2,6,-1,-1,-1,0,0,0,0,0,0,0,2,0,31,0,0,0,0,2,0,0,1,0,2,0,0
http://www.zillow.com,TRUE,2,9,0,0,0,0,0,0,0,3,2,0,0,0,49,0,0,0,0,4,0,0,0,0,1,0,0
http://www.break.com,FALSE,2,8,0,0,0,0,0,0,0,4,0,0,0,0,30,1,1,1,1,1,1,0,2,0,0,0,0
http://www.4shared.com,TRUE,1,11,0,1,0,1,1,1,0,0,1,0,1,0,,,,,,,,,,,,,
http://www.edmunds.com,FALSE,2,6,-1,0,-1,1,0,0,0,2,0,0,0,0,52,0,0,0,0,1,3,0,2,1,1,0,0
http://www.sbnation.com,TRUE,1,10,-1,0,-1,0,0,1,0,1,0,0,0,0,,,,,,,,,,,,,
http://www.squidoo.com,FALSE,2,7,0,0,0,0,0,0,0,3,0,0,0,0,52,0,0,0,0,1,3,1,3,0,0,0,0
http://www.today.com,FALSE,1,12,-1,0,-1,0,1,1,0,0,0,2,0,0,,,,,,,,,,,,,
http://www.stackexchange.com,FALSE,2,6,0,0,0,0,0,0,0,2,0,0,0,0,40,0,0,0,0,0,3,0,1,1,0,0,0
http://www.expedia.com,TRUE,2,9,-1,0,-1,0,0,0,0,0,5,0,2,0,19,0,0,0,0,0,1,0,1,0,0,0,0
http://www.collegehumor.com,TRUE,1,14,-1,0,-1,0,2,1,0,0,0,3,0,0,,,,,,,,,,,,,
http://www.gawker.com,FALSE,2,6,0,0,0,0,0,0,0,2,0,0,0,0,30,-1,0,-1,0,0,2,1,1,0,0,0,0
http://www.livestrong.com,noFB,,,,,,,,,,,,,,,,,,,,,,,,,,,
http://www.newsvine.com,FALSE,1,12,-1,0,-1,0,1,1,0,0,0,2,0,0,,,,,,,,,,,,,
http://www.skype.com,TRUE,2,7,0,0,0,0,0,0,0,2,1,0,1,0,42,0,0,0,0,0,3,1,3,0,0,1,0
http://www.rottentomatoes.com,FALSE,1,12,0,0,0,0,3,0,0,1,0,0,0,0,,,,,,,,,,,,,
http://www.careerbuilder.com,FALSE,2,8,0,0,0,0,0,0,0,1,3,0,0,0,52,0,0,0,0,1,3,1,3,0,0,0,0
http://www.thesaurus.com,noFB,,,,,,,,,,,,,,,,,,,,,,,,,,,
http://www.wsj.com,TRUE,2,8,0,0,0,0,0,0,0,4,0,0,0,0,20,0,0,0,0,0,1,0,2,0,0,0,0
http://www.wikihow.com,FALSE,2,10,0,2,0,2,1,0,0,0,0,1,0,0,19,0,3,0,3,1,0,0,1,0,0,0,0
http://www.shopping.com,TRUE,2,6,0,0,0,0,0,0,0,0,2,0,0,0,999,-1,-1,-1,-1,NA,NA,NA,NA,NA,NA,NA,NA
http://www.reuters.com,TRUE,2,8,0,0,0,0,0,0,0,3,1,0,0,0,40,0,0,0,0,0,3,0,2,0,0,0,0
http://www.tvguide.com,FALSE,1,12,0,0,0,0,0,3,0,1,0,0,0,0,,,,,,,,,,,,,
http://www.myspace.com,TRUE,2,8,0,1,0,2,0,0,0,0,4,0,0,0,20,0,3,0,3,0,2,0,0,0,0,0,0
http://www.lifehacker.com,FALSE,2,6,0,0,0,0,0,0,0,2,0,0,0,0,30,-1,1,-1,1,0,2,1,1,0,0,0,0
http://www.stackoverflow.com,TRUE,2,8,-1,0,-1,0,0,0,2,0,2,0,0,0,20,-1,0,-1,0,0,1,0,2,0,0,0,0
http://www.rapgenius.com,TRUE,2,6,0,0,0,0,0,0,0,1,1,0,0,0,40,0,0,0,0,0,3,0,0,1,1,0,0
http://www.zimbio.com,FALSE,2,9,0,0,0,0,0,0,0,5,0,0,0,0,30,0,1,0,1,1,1,0,2,0,0,0,0
http://www.cbssports.com,TRUE,2,8,0,0,0,0,0,0,0,2,2,0,0,0,29,0,0,0,0,0,2,0,0,1,0,0,0
http://www.indeed.com,FALSE,2,6,0,0,1,1,0,0,0,1,1,0,1,0,30,0,0,0,0,3,0,0,0,0,0,0,0
http://www.typepad.com,TRUE,2,6,-1,0,-1,0,0,0,0,1,1,0,0,0,999,-1,-1,-1,-1,NA,NA,NA,NA,NA,NA,NA,NA
http://www.instructables.com,FALSE,1,12,-1,0,-1,0,0,2,0,2,0,0,0,0,,,,,,,,,,,,,
http://www.tomshardware.com,FALSE,1,13,0,0,0,0,0,3,0,2,0,0,0,0,,,,,,,,,,,,,
http://www.trulia.com,FALSE,2,9,0,0,0,0,0,0,0,2,3,0,0,0,62,0,1,0,1,2,3,0,3,0,1,0,0
http://www.eventful.com,FALSE,1,17,-1,0,-1,0,2,3,0,4,0,0,0,0,,,,,,,,,,,,,
http://www.scribd.com,FALSE,1,10,-1,0,-1,0,0,1,0,1,0,0,0,0,,,,,,,,,,,,,
http://www.moviefone.com,error,,,,,,,,,,,,,,,,,,,,,,,,,,,
http://www.nationalgeographic.com,FALSE,2,7,0,0,0,0,0,0,0,1,2,0,0,0,40,0,0,0,0,1,2,0,1,1,0,0,0
http://www.gizmodo.com,FALSE,2,6,0,0,0,0,0,0,0,2,0,0,0,0,30,-1,0,-1,0,0,2,1,1,0,0,0,0
http://www.autotrader.com,FALSE,1,11,0,0,0,0,0,2,0,0,1,0,0,0,,,,,,,,,,,,,
http://www.dailymail.co.uk,TRUE,2,7,0,0,0,0,0,0,0,3,0,0,0,0,61,0,0,0,0,0,5,0,3,0,0,0,0
http://www.glassdoor.com,FALSE,1,14,-1,0,-1,0,2,0,0,3,1,0,0,0,,,,,,,,,,,,,
http://www.viewster.com,FALSE,1,15,0,0,0,0,2,1,0,4,0,0,0,0,,,,,,,,,,,,,
http://www.wix.com,FALSE,1,11,-1,0,-1,0,1,1,0,0,1,0,0,0,,,,,,,,,,,,,
http://www.investopedia.com,FALSE,2,6,0,0,0,0,0,0,0,1,1,0,0,0,29,0,0,0,0,0,2,0,0,0,1,0,0
http://www.alibaba.com,TRUE,2,6,0,1,0,2,0,0,0,1,1,0,0,0,61,0,0,0,0,0,5,1,2,0,0,0,0
http://www.metacafe.com,TRUE,2,9,0,0,0,0,0,0,0,2,3,0,1,0,19,1,1,1,1,1,0,0,0,0,1,0,0
http://www.angieslist.com,TRUE,1,12,-1,0,-1,0,0,3,0,1,0,0,0,0,,,,,,,,,,,,,
http://www.123greetings.com,TRUE,1,10,0,0,0,0,0,1,0,0,0,1,0,0,,,,,,,,,,,,,
http://www.androidcentral.com,error,,,,,,,,,,,,,,,,,,,,,,,,,,,
http://www.etsy.com,TRUE,2,7,0,5,0,6,0,0,0,0,3,0,0,0,29,0,1,0,1,1,1,0,0,1,0,0,0
http://www.wayfair.com,noFB,,,,,,,,,,,,,,,,,,,,,,,,,,,
http://www.zap2it.com,error,,,,,,,,,,,,,,,,,,,,,,,,,,,
http://www.liveleak.com,error,,,,,,,,,,,,,,,,,,,,,,,,,,,
http://www.wattpad.com,FALSE,1,14,0,0,0,0,2,1,0,1,2,0,0,0,,,,,,,,,,,,,
http://www.nj.com,error,,,,,,,,,,,,,,,,,,,,,,,,,,,
http://www.retailmenot.com,FALSE,2,9,0,2,0,2,0,0,0,5,0,0,0,0,73,0,0,0,0,0,6,1,4,0,0,0,0
http://www.barackobama.com,FALSE,2,8,0,0,0,0,0,0,0,4,0,0,0,0,40,0,0,0,0,0,3,0,2,0,0,0,0
http://www.townhall.com,TRUE,2,7,0,0,0,0,0,0,0,3,0,0,0,0,30,0,0,0,0,0,2,0,0,0,2,0,0
http://www.kickstarter.com,FALSE,1,14,-1,0,-1,0,1,2,0,1,0,2,0,0,,,,,,,,,,,,,
http://www.thechive.com,error,,,,,,,,,,,,,,,,,,,,,,,,,,,
http://www.everydayhealth.com,FALSE,1,13,-1,0,-1,0,0,3,0,2,0,0,0,0,,,,,,,,,,,,,
http://www.travelzoo.com,error,,,,,,,,,,,,,,,,,,,,,,,,,,,
http://www.softonic.com,FALSE,2,10,-1,0,-1,0,0,0,0,6,0,0,0,0,49,-1,1,-1,1,1,3,0,0,0,1,0,0
http://www.spokeo.com,error,,,,,,,,,,,,,,,,,,,,,,,,,,,
http://www.timeanddate.com,TRUE,2,7,0,0,0,0,0,0,0,3,0,0,0,0,50,0,0,0,0,1,3,0,2,0,0,0,0
http://www.usatoday.com,FALSE,1,15,-1,0,-1,0,0,3,0,3,1,0,1,0,,,,,,,,,,,,,
http://www.salon.com,TRUE,2,7,0,0,0,0,0,0,0,1,2,0,0,0,51,0,0,0,0,0,4,0,1,2,0,0,0
http://www.quizlet.com,error,,,,,,,,,,,,,,,,,,,,,,,,,,,
http://www.microsofttranslator.com,FALSE,2,5,0,0,0,0,0,0,0,0,1,0,0,0,41,0,0,0,0,0,3,0,0,2,1,0,0
http://www.cbs.com,FALSE,2,7,0,1,0,1,0,0,0,3,0,0,1,0,49,0,0,0,0,2,2,0,1,0,0,1,0
http://www.urbanspoon.com,FALSE,2,6,0,0,0,0,0,0,0,0,2,0,0,0,41,0,0,0,0,2,1,0,1,1,1,0,0
http://www.aarp.org,TRUE,2,6,0,1,0,1,0,0,0,2,0,0,0,0,40,0,0,0,0,0,3,0,2,0,0,0,0
http://www.rr.com,FALSE,1,13,-1,0,-1,0,0,3,0,2,0,0,0,0,,,,,,,,,,,,,
http://www.cheezburger.com,TRUE,1,12,-1,0,-1,0,1,2,0,0,1,0,0,0,,,,,,,,,,,,,
http://www.realsimple.com,TRUE,2,8,0,0,0,0,0,0,0,2,2,0,0,0,40,0,0,0,0,0,3,0,2,0,0,0,0
http://www.docstoc.com,FALSE,1,11,-1,0,-1,0,0,2,0,0,1,0,0,0,,,,,,,,,,,,,
http://www.charter.net,FALSE,1,11,-1,0,-1,0,1,1,0,0,0,1,0,0,,,,,,,,,,,,,
http://www.io9.com,FALSE,2,6,0,0,0,0,0,0,0,2,0,0,0,0,30,-1,0,-1,0,0,2,1,1,0,0,0,0
http://www.jezebel.com,FALSE,2,6,0,0,0,0,0,0,0,2,0,0,0,0,30,-1,0,-1,0,0,2,1,1,0,0,0,0
http://www.slideshare.net,FALSE,2,11,-1,2,-1,2,1,0,0,2,0,0,0,0,20,0,4,0,4,0,2,0,0,0,0,0,0
http://www.caringbridge.org,TRUE,2,7,0,0,0,0,0,0,0,2,1,0,0,0,31,0,0,0,0,0,2,1,2,0,0,0,0
http://www.videobash.com,FALSE,1,14,0,0,0,0,1,2,0,3,0,0,0,0,,,,,,,,,,,,,
http://www.causes.com,FALSE,2,13,0,0,0,0,0,2,0,3,0,0,0,0,51,0,0,0,0,1,3,0,3,0,0,0,0
http://www.deadspin.com,FALSE,2,6,0,0,0,0,0,0,0,2,0,0,0,0,30,-1,0,-1,0,0,2,1,1,0,0,0,0
http://www.kotaku.com,FALSE,2,6,0,0,0,0,0,0,0,2,0,0,0,0,30,-1,0,-1,0,0,2,1,1,0,0,0,0
http://www.twitch.tv,TRUE,2,6,0,0,0,0,0,0,0,2,0,0,0,0,19,2,4,2,4,0,1,0,0,0,1,0,0
http://www.foxbusiness.com,FALSE,1,15,-1,0,-1,0,0,3,0,4,0,0,0,0,,,,,,,,,,,,,
http://www.npr.org,FALSE,2,7,0,0,0,0,0,0,0,2,1,0,0,0,20,0,0,0,0,0,2,0,0,0,0,0,0
http://www.pogo.com,TRUE,2,9,0,0,0,0,0,0,0,0,5,0,0,0,999,-1,-1,-1,-1,NA,NA,NA,NA,NA,NA,NA,NA
http://www.starpulse.com,FALSE,2,5,1,1,1,1,0,0,0,1,0,0,0,0,999,-1,-1,-1,-1,NA,NA,NA,NA,NA,NA,NA,NA
http://www.chicagotribune.com,error,,,,,,,,,,,,,,,,,,,,,,,,,,,
http://www.oprah.com,FALSE,2,7,0,1,0,1,0,0,0,0,3,0,0,0,19,1,1,2,2,0,1,0,1,0,0,0,0
http://www.officedepot.com,TRUE,1,12,-1,0,-1,0,0,3,0,1,0,0,0,0,,,,,,,,,,,,,
http://www.lyricsmode.com,FALSE,2,10,-1,0,-1,0,1,0,0,1,0,0,0,0,31,0,0,0,0,1,1,1,2,0,0,0,0
http://www.christianpost.com,FALSE,2,6,-1,0,-1,0,0,0,0,2,0,0,0,0,43,0,0,0,0,1,2,1,2,0,2,0,0
http://www.theverge.com,TRUE,1,10,-1,0,-1,0,0,1,0,1,0,0,0,0,,,,,,,,,,,,,
http://www.tagged.com,FALSE,1,13,0,0,0,0,0,3,0,1,0,1,0,0,,,,,,,,,,,,,
http://www.myrecipes.com,TRUE,2,7,1,1,1,1,0,0,0,1,2,0,0,0,40,0,0,0,0,0,3,0,1,1,0,0,0
http://www.stylebistro.com,FALSE,2,9,0,0,0,0,0,0,0,5,0,0,0,0,30,0,1,0,1,1,1,0,2,0,0,0,0
http://www.cafepress.com,TRUE,2,6,-1,0,-1,2,0,0,0,1,1,0,0,0,62,-1,0,-1,0,2,3,0,4,0,0,0,0
http://www.zulily.com,FALSE,1,11,-1,0,-1,0,1,1,0,1,0,0,0,0,,,,,,,,,,,,,
http://www.apartmenttherapy.com,TRUE,2,6,0,0,0,0,0,0,0,1,1,0,2,0,30,-1,0,-1,0,0,2,0,0,2,0,0,0
http://www.thekitchn.com,TRUE,2,5,0,0,0,0,0,0,0,1,0,0,2,0,30,-1,0,-1,0,0,2,0,0,2,0,0,0
http://www.dictionary.com,error,,,,,,,,,,,,,,,,,,,,,,,,,,,
http://www.funnyordie.com,FALSE,1,12,-1,0,-1,0,0,2,0,2,0,0,0,0,,,,,,,,,,,,,
http://www.bright.com,TRUE,2,8,0,0,0,0,0,0,0,4,0,0,0,0,30,0,0,0,0,0,2,0,0,1,1,0,0
http://www.doctoroz.com,TRUE,2,6,0,0,0,0,0,0,0,2,0,0,0,0,30,0,0,0,0,0,2,0,2,0,0,0,0
http://www.indiatimes.com,error,,,,,,,,,,,,,,,,,,,,,,,,,,,
http://www.hotels.com,FALSE,2,6,-1,0,-1,1,0,0,0,0,2,0,0,0,40,0,0,0,0,0,3,0,1,1,0,0,0
http://www.meetme.com,FALSE,1,20,0,0,0,0,1,5,0,1,0,5,0,0,,,,,,,,,,,,,
http://www.meetup.com,FALSE,1,16,-1,0,-1,0,2,0,0,5,0,1,0,0,,,,,,,,,,,,,
http://www.citysearch.com,FALSE,2,11,0,0,0,0,0,0,0,4,3,0,0,0,75,0,0,0,0,3,3,1,0,6,0,0,0
http://www.ranker.com,FALSE,2,7,0,0,0,0,0,0,0,2,1,0,0,0,39,0,1,0,1,0,3,0,1,0,0,0,0
http://www.boston.com,error,,,,,,,,,,,,,,,,,,,,,,,,,,,
http://www.tv.com,FALSE,1,14,0,0,0,0,2,1,0,1,0,2,0,0,,,,,,,,,,,,,
http://www.mlive.com,error,,,,,,,,,,,,,,,,,,,,,,,,,,,
http://www.biography.com,FALSE,1,14,0,0,0,0,1,2,0,0,2,1,0,0,,,,,,,,,,,,,
http://www.ovguide.com,FALSE,1,12,0,0,0,0,2,0,0,1,0,1,0,0,,,,,,,,,,,,,
http://www.zynga.com,TRUE,1,11,-1,0,-1,0,1,1,0,0,0,1,0,0,,,,,,,,,,,,,
http://www.comedycentral.com,FALSE,1,10,-1,0,-1,0,0,1,0,1,0,0,0,0,,,,,,,,,,,,,
http://www.hgtv.com,TRUE,2,8,0,0,0,0,0,0,0,4,0,0,0,0,19,3,3,1,1,1,0,0,1,0,0,1,0
http://www.popsugar.com,FALSE,2,5,0,0,0,0,0,0,0,1,0,0,1,0,29,0,0,0,0,1,1,0,1,0,0,0,0
http://www.redorbit.com,FALSE,1,13,0,0,0,0,0,3,0,2,0,0,0,0,,,,,,,,,,,,,
http://www.doodle.com,error,,,,,,,,,,,,,,,,,,,,,,,,,,,
http://www.imageshack.us,FALSE,1,11,0,0,0,0,0,2,0,1,0,0,0,0,,,,,,,,,,,,,
http://www.tunein.com,TRUE,2,7,0,0,0,0,0,0,0,2,1,0,1,0,29,0,0,0,0,1,1,0,1,0,0,0,0
http://www.sidereel.com,FALSE,1,13,0,0,0,0,0,3,0,0,0,2,0,0,,,,,,,,,,,,,
http://www.al.com,FALSE,2,13,-1,0,-1,0,2,1,0,0,2,0,0,0,49,0,0,0,0,0,4,0,1,0,0,0,0
http://www.mycokerewards.com,TRUE,1,11,0,1,0,1,1,1,0,1,0,0,0,0,,,,,,,,,,,,,
http://www.doityourself.com,TRUE,1,13,0,0,0,0,3,0,0,2,0,0,0,0,,,,,,,,,,,,,
http://www.nfl.com,FALSE,2,7,0,0,0,1,0,0,0,1,2,0,0,0,39,0,1,0,1,0,3,0,0,1,0,0,0
http://www.policymic.com,FALSE,2,8,0,0,0,0,0,0,0,4,0,0,0,0,41,0,0,0,0,0,3,0,1,0,2,0,0
http://www.mashable.com,FALSE,2,5,0,2,0,2,0,0,0,1,0,0,0,0,39,0,0,0,0,0,3,0,1,0,0,0,0
http://www.eatingwell.com,error,,,,,,,,,,,,,,,,,,,,,,,,,,,
http://www.hitfix.com,TRUE,1,14,-1,0,-1,0,3,2,1,0,0,0,0,0,,,,,,,,,,,,,
http://www.smarter.com,FALSE,1,999,-1,-1,-1,-1,NA,NA,NA,NA,NA,NA,NA,NA,,,,,,,,,,,,,
http://www.nascar.com,TRUE,2,6,1,2,1,2,0,0,0,2,0,0,0,0,50,0,0,0,0,0,4,0,0,0,2,0,0
http://www.superuser.com,TRUE,2,7,0,0,0,0,0,0,0,3,0,0,0,0,40,0,0,0,0,0,3,0,1,1,0,0,0
http://www.123rf.com,TRUE,2,6,0,0,0,0,0,0,0,2,0,0,0,0,20,0,1,0,1,1,1,0,0,0,0,0,0
http://www.stltoday.com,error,,,,,,,,,,,,,,,,,,,,,,,,,,,
http://www.nhl.com,TRUE,1,14,0,0,0,0,1,3,0,2,0,0,0,0,,,,,,,,,,,,,
http://www.hsn.com,FALSE,2,9,0,0,0,0,0,0,0,0,5,0,2,0,20,0,2,0,2,0,2,0,0,0,0,0,0
http://www.ivillage.com,TRUE,2,5,-1,2,-1,0,0,0,0,0,1,0,3,0,40,0,1,0,1,0,3,0,2,0,0,0,0
http://www.kayak.com,error,,,,,,,,,,,,,,,,,,,,,,,,,,,
http://www.salsalabs.com,error,,,,,,,,,,,,,,,,,,,,,,,,,,,
http://www.ebaumsworld.com,TRUE,2,5,0,0,0,1,0,0,0,1,0,0,0,0,30,0,0,0,0,0,2,0,1,0,1,0,0
http://www.businessinsider.com,FALSE,1,13,-1,0,-1,0,1,2,0,2,0,0,0,0,,,,,,,,,,,,,
http://www.cleveland.com,FALSE,2,13,-1,0,-1,0,2,1,0,0,2,0,0,0,49,0,0,0,0,0,4,0,1,0,0,0,0
http://www.iplay.com,TRUE,2,8,0,0,0,0,0,0,0,0,4,0,0,0,60,0,0,0,0,1,4,0,1,0,1,0,0
http://www.bradsdeals.com,FALSE,2,7,0,1,0,1,0,0,0,3,0,0,0,0,10,1,40,1,40,1,0,0,0,0,0,0,0
http://www.celebuzz.com,FALSE,1,12,-1,0,-1,0,2,1,0,1,0,0,0,0,,,,,,,,,,,,,
http://www.vrbo.com,TRUE,2,7,1,1,1,1,0,0,0,3,0,0,0,0,29,0,0,0,0,1,1,0,0,1,0,0,0
http://www.findthebest.com,FALSE,1,10,-1,0,-1,0,1,0,0,1,0,0,0,0,,,,,,,,,,,,,
http://www.ioffer.com,TRUE,2,7,0,0,0,0,0,0,0,1,2,0,0,0,999,-1,-1,-1,-1,NA,NA,NA,NA,NA,NA,NA,NA
http://www.answerbag.com,FALSE,1,13,0,1,0,1,1,2,0,2,0,0,1,0,,,,,,,,,,,,,
http://www.ftd.com,FALSE,2,21,-1,0,-1,0,6,0,0,0,7,0,0,0,39,0,0,0,0,3,0,0,0,1,0,0,0
http://www.imvu.com,FALSE,2,6,0,0,0,0,0,0,0,2,0,0,0,0,20,0,0,0,0,0,2,0,0,0,0,0,0
http://www.jalopnik.com,FALSE,2,6,0,0,0,0,0,0,0,2,0,0,0,0,30,-1,1,-1,1,0,2,1,1,0,0,0,0
http://www.soft32.com,FALSE,1,17,0,0,0,0,0,5,0,0,1,3,1,0,,,,,,,,,,,,,
http://www.buzznet.com,TRUE,2,8,0,0,0,0,0,0,0,4,0,0,0,0,31,0,0,0,0,2,0,0,3,0,0,0,0
http://www.tributes.com,FALSE,2,6,0,0,0,0,0,0,0,2,0,0,1,0,999,-1,-1,-1,-1,NA,NA,NA,NA,NA,NA,NA,NA
http://www.philly.com,TRUE,2,8,-1,0,-1,0,0,0,0,1,3,0,0,0,999,-1,-1,-1,-1,NA,NA,NA,NA,NA,NA,NA,NA
http://www.hallmark.com,FALSE,1,12,-1,0,-1,0,0,2,0,2,0,0,0,0,,,,,,,,,,,,,
http://www.weddingwire.com,FALSE,2,8,0,1,0,1,0,0,0,4,0,0,0,0,19,2,2,3,5,0,1,0,1,0,0,0,0
http://www.reverbnation.com,TRUE,2,7,0,0,0,0,0,0,0,3,0,0,0,0,40,0,0,0,0,1,2,0,1,1,0,0,0
http://www.starbucks.com,FALSE,2,7,0,0,0,0,0,0,0,0,3,0,1,0,20,0,1,0,1,0,1,0,1,0,1,0,0
http://www.ajc.com,FALSE,2,14,-1,0,-1,0,0,0,0,0,10,0,0,0,10,-1,3,-1,3,0,1,0,0,0,0,0,0
http://www.shopstyle.com,FALSE,2,6,1,1,0,0,0,0,0,2,0,0,1,0,19,2,4,2,4,0,1,0,1,0,0,0,0
http://www.cbc.ca,FALSE,2,6,0,0,0,0,0,0,0,2,0,0,0,0,40,0,0,0,0,0,3,0,2,0,0,0,0
http://www.ultimate-guitar.com,FALSE,1,13,-1,0,-1,0,1,2,0,1,1,0,0,0,,,,,,,,,,,,,
http://www.fodors.com,FALSE,1,14,-1,0,-1,0,2,2,0,2,0,0,0,0,,,,,,,,,,,,,
http://www.economist.com,FALSE,2,8,-1,0,-1,0,0,0,0,4,0,0,0,0,10,1,5,1,5,0,1,0,0,0,0,0,0
http://www.cargurus.com,FALSE,2,6,1,1,0,0,0,0,0,1,1,0,2,0,41,0,0,0,0,0,3,1,1,1,0,0,0
http://www.allmusic.com,FALSE,2,6,0,0,0,0,0,0,0,2,0,0,0,0,52,0,0,0,0,0,4,1,3,0,0,0,0
http://www.homeaway.com,FALSE,2,7,0,0,0,0,0,0,0,3,0,0,0,0,29,0,0,0,0,1,1,0,0,1,0,0,0
http://www.bravotv.com,error,,,,,,,,,,,,,,,,,,,,,,,,,,,
http://www.newser.com,TRUE,2,6,0,0,0,0,0,0,0,2,0,0,0,0,51,0,0,0,0,3,1,0,3,0,0,0,0
http://www.howaboutwe.com,TRUE,1,11,-1,0,-1,0,0,2,0,0,0,1,0,0,,,,,,,,,,,,,
http://www.independentlivingnews.com,error,,,,,,,,,,,,,,,,,,,,,,,,,,,
http://www.expotv.com,FALSE,1,12,-1,0,-1,0,1,0,0,3,0,0,0,0,,,,,,,,,,,,,
http://www.education.com,TRUE,2,6,0,0,0,0,0,0,0,0,2,0,0,0,30,0,2,0,2,0,2,0,1,0,1,0,0
http://www.popularmechanics.com,TRUE,1,11,-1,0,-1,0,1,1,0,0,1,0,0,0,,,,,,,,,,,,,
http://www.redfin.com,FALSE,1,13,-1,0,-1,0,2,1,0,2,0,0,0,0,,,,,,,,,,,,,
http://www.gamezone.com,error,,,,,,,,,,,,,,,,,,,,,,,,,,,
http://www.gsmarena.com,TRUE,1,11,-1,0,-1,0,0,2,0,1,0,0,0,0,,,,,,,,,,,,,
http://www.smosh.com,TRUE,2,8,0,0,0,0,0,0,0,4,0,0,0,0,32,0,1,0,1,1,1,2,0,0,2,0,0
http://www.wiredforchange.com,error,,,,,,,,,,,,,,,,,,,,,,,,,,,
http://www.coupons.com,TRUE,2,7,0,0,0,0,0,0,0,0,3,0,0,0,19,0,0,0,0,1,0,0,1,0,0,0,0
http://www.sparkpeople.com,TRUE,2,5,-1,-1,-1,2,0,0,0,0,0,0,1,0,999,-1,-1,-1,-1,NA,NA,NA,NA,NA,NA,NA,NA
http://www.yousendit.com,FALSE,2,12,-1,0,-1,0,0,2,1,0,0,1,0,0,20,-1,1,-1,1,0,1,1,0,1,0,0,0
http://www.news.com,TRUE,1,12,-1,0,-1,0,0,3,0,1,0,0,0,0,,,,,,,,,,,,,
http://www.zdnet.com,error,,,,,,,,,,,,,,,,,,,,,,,,,,,
http://www.someecards.com,TRUE,2,6,-1,-1,-1,2,0,0,0,0,0,0,2,0,19,2,3,2,3,1,0,0,1,0,0,0,0
http://www.become.com,error,,,,,,,,,,,,,,,,,,,,,,,,,,,
http://www.arcadeweb.com,TRUE,2,11,0,0,0,0,0,0,0,7,0,0,0,0,29,0,0,0,0,2,0,0,0,0,1,0,0
http://www.wonderhowto.com,FALSE,2,9,0,0,0,0,0,0,0,5,0,0,0,0,29,0,0,0,0,0,2,0,1,0,0,1,0
http://www.myvoicenation.com,FALSE,2,7,0,0,0,0,0,0,0,2,1,0,0,0,39,0,0,0,0,0,3,0,0,1,0,0,0
http://www.polygon.com,TRUE,1,10,-1,0,-1,0,0,1,0,1,0,0,0,0,,,,,,,,,,,,,
http://www.sharecare.com,TRUE,2,6,0,0,0,0,0,0,0,2,0,0,0,0,30,0,0,0,0,0,2,0,2,0,0,0,0
http://www.change.org,TRUE,2,5,0,0,0,0,0,0,0,1,0,0,0,0,50,0,0,0,0,0,4,0,2,0,0,0,0
http://www.bufferapp.com,TRUE,1,13,-1,0,-1,0,0,3,1,1,0,0,0,0,,,,,,,,,,,,,
http://www.jossandmain.com,error,,,,,,,,,,,,,,,,,,,,,,,,,,,
http://www.radaris.com,FALSE,2,7,0,0,0,0,0,0,0,3,0,0,0,0,20,0,0,0,0,0,2,0,0,0,0,0,0
http://www.nbclosangeles.com,TRUE,2,9,0,0,0,0,0,0,0,5,0,0,0,0,39,1,1,1,1,0,3,0,1,0,0,0,0
http://www.tiqiq.com,FALSE,1,7,0,0,0,0,0,0,0,1,2,0,0,0,,,,,,,,,,,,,
http://www.popularscreensavers.com,FALSE,1,999,-1,-1,-1,-1,NA,NA,NA,NA,NA,NA,NA,NA,,,,,,,,,,,,,
http://www.manualsonline.com,FALSE,1,16,-1,0,-1,0,1,3,1,3,0,0,0,0,,,,,,,,,,,,,
http://www.crackle.com,FALSE,2,12,-1,0,-1,0,2,0,0,2,0,0,0,0,39,-1,0,-1,0,2,1,0,1,0,0,0,0
http://www.msedge.net,FALSE,2,5,0,0,0,0,0,0,0,0,1,0,0,0,41,0,0,0,0,0,3,0,0,2,1,0,0
http://www.icontact.com,FALSE,2,7,0,0,0,0,0,0,0,3,0,0,1,0,10,2,2,2,2,0,1,0,0,0,0,0,0
http://www.shopyourway.com,FALSE,2,6,0,0,0,0,0,0,0,0,2,0,0,0,19,0,0,0,0,0,1,0,0,0,1,0,0
http://www.homeadvisor.com,TRUE,2,8,-1,0,-1,0,0,0,0,4,0,0,0,0,39,-1,0,-1,0,0,3,0,1,0,0,0,0
http://www.storify.com,TRUE,2,6,0,0,0,0,0,0,0,2,0,0,0,0,29,0,0,0,0,0,2,0,1,0,0,0,0
http://www.corporationwiki.com,error,,,,,,,,,,,,,,,,,,,,,,,,,,,
http://www.motortrend.com,TRUE,2,7,0,1,1,2,0,0,0,3,0,0,0,0,20,0,0,0,0,0,2,0,0,0,0,0,0
http://www.wanttt.com,TRUE,2,7,0,0,0,0,0,0,0,3,0,0,0,0,39,0,0,0,0,0,3,0,1,0,0,0,0
http://www.lumosity.com,TRUE,2,6,0,0,0,0,0,0,0,2,0,0,0,0,20,0,0,0,0,0,1,0,2,0,0,0,0
http://www.maxpreps.com,FALSE,2,6,0,1,0,1,0,0,0,1,1,0,0,0,39,0,0,0,0,0,3,0,1,0,0,0,0
http://www.ted.com,TRUE,2,6,0,0,0,0,0,0,0,0,2,0,0,0,39,0,0,0,0,0,3,0,0,0,1,1,0
http://www.ymail.com,FALSE,1,13,0,0,0,0,1,2,0,1,1,0,0,0,,,,,,,,,,,,,
http://www.dermstore.com,TRUE,2,11,-1,0,-1,0,1,1,0,0,0,1,0,0,20,-1,4,-1,4,2,0,0,0,0,0,0,0
http://www.coupons.net,error,,,,,,,,,,,,,,,,,,,,,,,,,,,
http://www.seniorfriendfinder.com,TRUE,1,999,-1,-1,-1,-1,NA,NA,NA,NA,NA,NA,NA,NA,,,,,,,,,,,,,
http://www.academia.edu,FALSE,2,10,-1,0,-1,0,0,1,0,1,0,0,0,0,20,0,0,0,0,2,0,0,0,0,0,0,0
http://www.foxsports.com,error,,,,,,,,,,,,,,,,,,,,,,,,,,,
http://www.baby-gaga.com,FALSE,1,11,-1,0,-1,0,1,1,0,1,0,0,0,0,,,,,,,,,,,,,
http://www.saturday.com,FALSE,1,13,0,0,0,0,0,3,0,2,0,0,0,0,,,,,,,,,,,,,
http://www.democrats.org,TRUE,1,15,-1,0,-1,0,2,2,2,1,0,0,0,0,,,,,,,,,,,,,
http://www.imore.com,error,,,,,,,,,,,,,,,,,,,,,,,,,,,
http://www.alexa.com,FALSE,2,6,0,0,0,0,0,0,0,2,0,0,0,0,51,0,0,0,0,0,4,0,3,0,0,0,0
http://www.sun-sentinel.com,error,,,,,,,,,,,,,,,,,,,,,,,,,,,
http://www.apartmentguide.com,TRUE,2,5,1,4,1,6,0,0,0,1,0,0,0,0,10,0,4,0,4,0,1,0,0,0,0,0,0
http://www.refinery29.com,FALSE,2,7,-1,0,-1,1,0,0,0,3,0,0,0,0,41,-1,1,-1,1,0,3,1,1,0,1,0,0
http://www.asus.com,TRUE,2,8,0,0,0,0,0,0,0,3,1,0,2,0,20,0,0,0,0,0,1,1,1,0,0,0,0
http://www.justin.tv,FALSE,1,14,-1,0,-1,0,1,2,0,2,0,1,0,0,,,,,,,,,,,,,
http://www.c-spanarchives.org,error,,,,,,,,,,,,,,,,,,,,,,,,,,,
http://www.techspot.com,TRUE,2,10,-1,0,-1,0,0,0,0,6,0,0,0,0,19,-1,2,-1,2,0,1,0,1,0,0,0,0
http://www.avclub.com,TRUE,2,6,0,0,0,0,0,0,0,2,0,0,0,0,19,0,2,0,2,1,0,0,1,0,0,0,0
http://www.davesgarden.com,TRUE,2,7,0,0,0,0,0,0,0,3,0,0,0,0,19,0,1,0,1,1,0,0,1,0,0,0,0
http://www.wwe.com,TRUE,2,7,0,0,0,0,0,0,0,1,2,0,0,0,40,0,1,0,1,0,3,0,2,0,0,0,0
http://www.circleofmoms.com,FALSE,2,5,0,0,0,0,0,0,0,1,0,0,0,0,61,0,0,0,0,4,1,0,2,0,1,0,0
http://www.godtube.com,FALSE,1,16,0,0,0,0,0,2,2,4,0,0,0,0,,,,,,,,,,,,,
http://www.aliexpress.com,TRUE,1,13,-1,0,-1,0,2,2,0,1,0,0,0,0,,,,,,,,,,,,,
http://www.lonny.com,FALSE,2,9,0,0,0,0,0,0,0,5,0,0,0,0,30,0,1,0,1,1,1,0,2,0,0,0,0
http://www.globalpost.com,FALSE,1,13,0,0,0,0,0,3,0,2,0,0,0,0,,,,,,,,,,,,,
http://www.clipix.com,FALSE,1,13,-1,0,-1,0,0,3,0,2,0,0,0,0,,,,,,,,,,,,,
http://www.woobox.com,FALSE,2,6,0,0,0,0,0,0,0,2,0,0,0,0,40,0,0,0,0,0,3,0,2,0,0,2,0
http://www.movoto.com,TRUE,2,7,0,0,0,0,0,0,0,2,1,0,0,0,40,0,0,0,0,0,3,0,2,0,0,0,0
http://www.pissedconsumer.com,TRUE,1,11,-1,0,-1,0,0,2,0,1,0,0,0,0,,,,,,,,,,,,,
http://www.easybib.com,error,,,,,,,,,,,,,,,,,,,,,,,,,,,
http://www.stubhub.com,FALSE,1,15,0,0,0,0,3,1,0,0,0,3,0,0,,,,,,,,,,,,,
http://www.techbargains.com,FALSE,2,6,0,0,0,1,0,0,0,2,0,0,0,0,19,0,5,0,6,1,0,0,1,0,0,0,0
http://www.independent.co.uk,TRUE,1,13,-1,0,-1,0,0,3,0,2,0,0,0,0,,,,,,,,,,,,,
http://www.yellowbook.com,error,,,,,,,,,,,,,,,,,,,,,,,,,,,
http://www.art.com,FALSE,2,7,-1,0,-1,0,0,0,0,3,0,0,0,0,49,0,0,0,0,0,4,0,1,0,0,0,0
http://www.dexknows.com,FALSE,1,12,-1,1,-1,0,1,2,0,1,0,0,1,0,,,,,,,,,,,,,
http://www.garmin.com,FALSE,2,7,1,2,1,2,0,0,0,1,2,0,0,0,41,-1,0,-1,0,0,3,0,2,1,0,0,0
http://www.meijer.com,TRUE,2,6,-1,1,-1,0,0,0,0,1,1,0,2,0,999,-1,-1,-1,-1,NA,NA,NA,NA,NA,NA,NA,NA
http://www.guitarcenter.com,FALSE,2,6,0,0,0,0,0,0,0,2,0,0,1,0,10,1,2,1,2,0,1,0,0,0,0,0,0
http://www.cheaptickets.com,TRUE,2,6,0,0,0,0,0,0,0,1,1,0,1,0,53,0,0,0,0,0,4,0,5,0,0,1,0
http://www.telldc.com,TRUE,2,5,0,0,0,0,0,0,0,1,0,0,0,0,999,-1,-1,-1,-1,NA,NA,NA,NA,NA,NA,NA,NA
http://www.dealspl.us,TRUE,2,6,0,0,0,0,0,0,0,2,0,0,0,0,39,0,0,0,0,1,2,1,0,0,0,0,0
http://www.bizjournals.com,TRUE,2,7,0,0,0,0,0,0,0,1,2,0,1,0,10,0,0,0,0,0,1,0,0,0,0,0,0
http://www.majorleaguegaming.com,TRUE,2,6,-1,-1,-1,3,0,0,0,0,0,0,2,0,39,0,0,0,0,0,3,0,1,0,0,0,0
http://www.caranddriver.com,error,,,,,,,,,,,,,,,,,,,,,,,,,,,
http://www.scientificamerican.com,error,,,,,,,,,,,,,,,,,,,,,,,,,,,
http://www.gourmetrecipe.com,error,,,,,,,,,,,,,,,,,,,,,,,,,,,
http://www.myfitnesspal.com,TRUE,1,14,-1,0,-1,0,0,3,0,3,0,0,0,0,,,,,,,,,,,,,
http://www.jokeroo.com,TRUE,1,11,-1,0,-1,0,0,2,0,1,0,0,0,0,,,,,,,,,,,,,
http://www.cancer.org,TRUE,2,7,0,0,0,0,0,0,0,0,3,0,1,0,30,-1,0,-1,1,2,0,0,2,0,0,0,0
http://www.orlandosentinel.com,error,,,,,,,,,,,,,,,,,,,,,,,,,,,
http://www.lonelyplanet.com,TRUE,2,8,0,0,0,0,0,0,0,1,3,0,0,0,20,1,1,1,1,0,2,0,0,0,0,0,0
http://www.menuism.com,FALSE,1,16,0,0,0,0,1,3,0,2,0,2,0,0,,,,,,,,,,,,,
http://www.nasdaq.com,FALSE,2,7,0,0,0,0,0,0,0,3,0,0,0,0,20,-1,1,-1,1,2,0,0,0,0,0,0,0
http://www.blip.tv,TRUE,2,11,0,0,0,0,0,1,0,2,0,0,0,0,19,0,1,0,1,0,1,0,1,0,0,0,0
http://www.happyplace.com,error,,,,,,,,,,,,,,,,,,,,,,,,,,,
http://www.yummly.com,FALSE,1,12,0,0,0,0,0,3,0,0,1,0,0,0,,,,,,,,,,,,,
http://www.offerpop.com,TRUE,1,13,-1,0,-1,0,1,1,0,2,1,0,0,0,,,,,,,,,,,,,
http://www.zabasearch.com,FALSE,1,14,0,1,0,1,0,3,0,2,0,1,0,0,,,,,,,,,,,,,
http://www.syracuse.com,FALSE,2,13,-1,0,-1,0,2,1,0,0,2,0,0,0,49,0,0,0,0,0,4,0,1,0,0,0,0
http://www.americanlanternalerts.com,error,,,,,,,,,,,,,,,,,,,,,,,,,,,
http://www.wsbtv.com,FALSE,2,14,-1,0,-1,0,0,0,0,0,10,0,0,0,10,-1,5,-1,5,0,1,0,0,0,0,0,0
http://www.bloglovin.com,TRUE,1,13,0,1,0,1,2,2,0,1,0,0,0,0,,,,,,,,,,,,,
http://www.americanidol.com,error,,,,,,,,,,,,,,,,,,,,,,,,,,,
http://www.diynetwork.com,FALSE,2,7,0,0,0,0,0,0,0,2,1,0,0,0,19,3,3,1,1,1,0,0,1,0,0,1,0
http://www.kraftrecipes.com,TRUE,2,10,0,0,0,0,0,0,0,1,5,0,0,0,41,0,1,0,1,1,2,0,1,2,0,0,0
http://www.travelandleisure.com,TRUE,2,6,0,0,0,0,0,0,0,2,0,0,0,0,39,-1,0,-1,0,0,3,0,0,1,0,0,0
http://www.pennlive.com,FALSE,2,13,-1,2,-1,2,2,1,0,0,2,0,0,0,49,0,0,0,0,0,4,0,1,0,0,0,0
http://www.telly.com,FALSE,1,14,-1,0,-1,0,1,3,0,1,1,0,0,0,,,,,,,,,,,,,
http://www.enotes.com,error,,,,,,,,,,,,,,,,,,,,,,,,,,,
http://www.steadyhealth.com,error,,,,,,,,,,,,,,,,,,,,,,,,,,,
http://www.memegenerator.net,TRUE,1,999,-1,-1,-1,-1,NA,NA,NA,NA,NA,NA,NA,NA,,,,,,,,,,,,,
http://www.getitfree.us,FALSE,1,12,-1,0,-1,0,0,1,0,2,0,1,0,0,,,,,,,,,,,,,
http://www.businessconsumeralliance.org,TRUE,1,999,-1,-1,-1,-1,NA,NA,NA,NA,NA,NA,NA,NA,,,,,,,,,,,,,
http://www.ebayclassifieds.com,FALSE,2,6,0,0,0,0,0,0,0,0,2,0,0,0,40,0,0,0,0,1,2,0,2,0,0,0,0
http://www.dailyfinance.com,error,,,,,,,,,,,,,,,,,,,,,,,,,,,
http://www.thesmokinggun.com,error,,,,,,,,,,,,,,,,,,,,,,,,,,,
http://www.bhg.com,TRUE,1,13,0,0,0,0,0,3,0,2,0,0,0,0,,,,,,,,,,,,,
http://www.1saleaday.com,TRUE,1,13,-1,0,-1,0,0,3,0,1,1,0,0,0,,,,,,,,,,,,,
http://www.restaurant.com,FALSE,2,10,0,0,0,0,0,0,0,3,3,0,2,0,39,0,0,0,0,0,3,0,1,0,0,0,0
http://www.spiegel.de,error,,,,,,,,,,,,,,,,,,,,,,,,,,,
http://www.ninjakiwi.com,FALSE,1,12,0,0,0,0,2,0,0,2,0,0,0,0,,,,,,,,,,,,,
http://www.relish.com,error,,,,,,,,,,,,,,,,,,,,,,,,,,,
http://www.1800flowers.com,TRUE,1,11,-1,0,-1,0,1,1,0,1,0,0,0,0,,,,,,,,,,,,,
http://www.made-in-china.com,error,,,,,,,,,,,,,,,,,,,,,,,,,,,
http://www.youbeauty.com,FALSE,1,13,-1,0,-1,0,0,3,0,1,1,0,0,0,,,,,,,,,,,,,
http://www.mrfood.com,FALSE,1,11,-1,0,-1,0,0,2,0,1,0,0,0,0,,,,,,,,,,,,,
http://www.redbubble.com,TRUE,2,6,-1,0,-1,0,0,0,0,1,1,0,1,0,51,0,0,0,0,1,3,0,0,3,0,0,0
http://www.411.info,FALSE,1,10,-1,0,-1,0,0,1,1,0,0,0,0,0,,,,,,,,,,,,,
http://www.listal.com,TRUE,2,6,0,0,0,0,0,0,0,2,0,0,0,0,29,0,0,0,0,1,1,1,0,0,0,0,0
http://www.discogs.com,TRUE,2,7,0,0,0,0,0,0,0,3,0,0,0,0,41,0,0,0,0,1,2,0,3,0,0,0,0
http://www.flickriver.com,TRUE,2,6,0,0,0,0,0,0,0,2,0,0,0,0,52,0,0,0,0,1,2,8,2,4,0,0,0
http://www.9gag.com,FALSE,1,17,-1,0,-1,0,0,4,0,2,0,3,0,0,,,,,,,,,,,,,
http://www.dealchicken.com,TRUE,1,14,-1,0,-1,0,0,4,0,2,0,0,0,0,,,,,,,,,,,,,
http://www.nbcdfw.com,TRUE,2,9,0,0,0,0,0,0,0,5,0,0,0,0,39,0,0,0,0,0,3,0,1,0,0,0,0
http://www.teleflora.com,FALSE,1,12,0,0,0,0,1,1,0,2,0,0,0,0,,,,,,,,,,,,,
http://www.theknot.com,TRUE,2,7,0,0,0,0,0,0,0,3,0,0,0,0,30,1,1,1,1,1,1,0,2,0,0,0,0
http://www.wajam.com,TRUE,1,13,-1,0,-1,0,1,2,0,2,0,0,0,0,,,,,,,,,,,,,
http://www.diabetes.org,error,,,,,,,,,,,,,,,,,,,,,,,,,,,
http://www.ebags.com,FALSE,2,7,-1,0,-1,0,0,0,0,1,2,0,0,0,20,-1,0,-1,0,0,2,0,0,0,0,0,0
http://www.parade.com,FALSE,1,10,-1,2,-1,2,0,1,0,0,0,1,0,0,,,,,,,,,,,,,
http://www.cincinnati.com,TRUE,1,14,-1,0,-1,0,0,2,0,4,0,0,0,0,,,,,,,,,,,,,
http://www.mylife.com,FALSE,1,12,-1,0,-1,0,0,3,0,1,0,0,0,0,,,,,,,,,,,,,
http://www.ziprealty.com,TRUE,2,6,0,0,0,0,0,0,0,1,1,0,0,0,20,1,1,1,1,0,2,0,0,0,0,0,0
http://www.keyingredient.com,FALSE,2,7,0,0,0,0,0,0,0,1,2,0,0,0,53,-1,0,-1,0,0,4,1,2,2,0,0,0
http://www.pgpartner.com,FALSE,2,6,0,0,0,0,0,0,0,0,2,0,0,0,42,0,0,0,0,2,1,1,0,0,3,0,0
http://www.businessdictionary.com,FALSE,1,15,-1,0,-1,0,2,2,1,2,0,0,0,0,,,,,,,,,,,,,
http://www.rent.com,FALSE,1,22,-1,0,-1,0,3,7,3,0,1,0,0,0,,,,,,,,,,,,,
http://www.askubuntu.com,TRUE,2,7,0,0,0,0,0,0,0,3,0,0,0,0,40,0,0,0,0,0,3,0,1,1,0,0,0
http://www.syfy.com,TRUE,2,5,-1,0,-1,0,0,0,0,1,0,0,0,0,40,0,0,0,0,0,3,0,2,0,0,0,0
http://www.paperlesspost.com,FALSE,1,13,-1,0,-1,0,1,2,0,2,0,0,0,0,,,,,,,,,,,,,
http://www.flightstats.com,error,,,,,,,,,,,,,,,,,,,,,,,,,,,
http://www.masslive.com,FALSE,2,13,-1,0,-1,0,2,1,0,0,2,0,0,0,49,0,0,0,0,0,4,0,1,0,0,0,0
http://www.depositfiles.com,FALSE,2,5,1,4,1,4,0,0,0,1,0,0,0,0,61,0,0,0,0,1,4,2,1,0,0,0,0
http://www.eviesays.com,FALSE,2,6,0,0,0,0,0,0,0,1,1,0,0,0,999,-1,-1,-1,-1,NA,NA,NA,NA,NA,NA,NA,NA
http://www.viator.com,FALSE,2,6,0,0,0,0,0,0,0,1,1,0,1,0,19,0,0,0,0,1,0,0,0,0,1,0,0
http://www.wikidot.com,error,,,,,,,,,,,,,,,,,,,,,,,,,,,
http://www.pjmedia.com,error,,,,,,,,,,,,,,,,,,,,,,,,,,,
http://www.lockerz.com,FALSE,1,13,-1,0,-1,0,2,1,0,1,0,1,0,0,,,,,,,,,,,,,
http://www.badoo.com,TRUE,1,14,0,0,0,0,1,3,0,0,2,0,0,0,,,,,,,,,,,,,
http://www.thestar.com,TRUE,2,5,0,0,0,1,0,0,0,0,1,0,0,0,29,0,0,0,0,0,2,0,0,1,0,0,0
http://www.gamesgames.com,TRUE,2,6,0,2,0,2,0,0,0,1,1,0,0,0,50,0,0,0,0,0,4,0,1,1,0,0,0
http://www.kinja.com,FALSE,2,6,0,0,0,0,0,0,0,2,0,0,0,0,30,-1,0,-1,0,0,2,1,1,0,0,0,0
http://www.virtualtourist.com,TRUE,2,6,0,0,0,0,0,0,0,0,2,0,0,0,51,0,0,0,0,2,2,1,1,1,0,0,0
http://www.indystar.com,TRUE,2,9,-1,0,-1,0,0,0,0,4,1,0,2,0,42,0,0,0,0,0,3,1,3,0,0,1,0
http://www.newspapers.com,FALSE,1,13,-1,0,-1,0,3,0,0,1,1,0,0,0,,,,,,,,,,,,,
http://www.easytobook.com,FALSE,2,7,-1,0,-1,0,0,0,0,2,1,0,0,0,40,0,0,0,0,0,3,0,2,0,0,0,0
http://www.nextag.com,FALSE,1,12,0,0,0,0,1,1,0,1,0,1,0,0,,,,,,,,,,,,,
http://www.christianitytoday.com,FALSE,1,15,-1,0,-1,0,0,3,0,4,0,0,0,0,,,,,,,,,,,,,
http://www.8tracks.com,FALSE,1,17,0,0,0,0,0,6,0,0,0,3,0,0,,,,,,,,,,,,,
http://www.ngeo.com,FALSE,2,7,0,0,0,0,0,0,0,1,2,0,0,0,40,0,0,0,0,1,2,0,1,1,0,0,0
http://www.entrepreneur.com,FALSE,1,13,-1,0,-1,0,0,3,0,2,0,0,0,0,,,,,,,,,,,,,
http://www.familybuilder.com,TRUE,2,10,0,0,0,0,1,0,0,1,0,0,0,0,19,0,0,0,0,1,0,0,1,0,0,0,0
http://www.destructoid.com,FALSE,2,8,0,0,0,0,0,0,0,4,0,0,0,0,999,-1,-1,-1,-1,NA,NA,NA,NA,NA,NA,NA,NA
http://www.stipple.com,FALSE,2,6,0,0,0,0,0,0,0,0,2,0,0,0,20,0,0,0,0,0,2,0,0,0,0,0,0
http://www.games.com,error,,,,,,,,,,,,,,,,,,,,,,,,,,,
http://www.nbcwashington.com,TRUE,2,9,0,0,0,0,0,0,0,5,0,0,0,0,39,1,1,1,1,0,3,0,1,0,0,0,0
http://www.bannersnack.com,FALSE,2,7,0,0,0,0,0,0,0,1,2,0,0,0,40,0,0,0,0,0,3,0,1,0,1,0,0
http://www.flipkey.com,FALSE,2,6,0,0,0,0,0,0,0,1,1,0,0,0,42,0,0,0,0,1,2,1,2,1,0,0,0
http://www.hgtvremodels.com,TRUE,2,8,0,0,0,0,0,0,0,4,0,0,0,0,19,3,4,1,2,1,0,0,1,0,0,1,0
http://www.serverfault.com,TRUE,2,7,0,0,0,0,0,0,0,3,0,0,0,0,40,0,0,0,0,0,3,0,1,1,0,0,0
http://www.phys.org,TRUE,2,5,2,2,3,3,0,0,0,1,0,0,0,0,999,-1,-1,-1,-1,NA,NA,NA,NA,NA,NA,NA,NA
http://www.tvfanatic.com,FALSE,1,12,-1,0,-1,0,0,3,0,0,1,0,0,0,,,,,,,,,,,,,
http://www.pga.com,TRUE,1,5,1,1,1,1,0,0,0,1,0,0,0,0,,,,,,,,,,,,,
http://www.mirror.co.uk,FALSE,2,5,-1,0,-1,1,0,0,0,0,1,0,0,0,31,-1,2,-1,2,0,2,0,2,0,1,0,0
http://www.wowwiki.com,FALSE,2,8,0,1,0,1,0,0,0,4,0,0,0,0,51,1,1,1,1,0,4,0,2,0,1,0,0
http://www.fatwallet.com,TRUE,1,14,0,0,0,0,2,2,0,2,0,0,0,0,,,,,,,,,,,,,
http://www.sparklit.com,TRUE,2,6,0,0,0,0,0,0,0,2,0,0,0,0,89,0,0,0,0,2,6,0,1,0,0,0,0
http://www.onekingslane.com,FALSE,2,13,0,0,0,0,13,0,0,0,0,0,0,0,19,-1,5,-1,5,0,1,0,1,0,0,0,0
http://www.nbcbayarea.com,TRUE,2,9,0,0,0,0,0,0,0,5,0,0,0,0,39,0,0,0,0,0,3,0,1,0,0,0,0
http://www.pricegrabber.com,FALSE,2,6,0,0,0,0,0,0,0,0,2,0,0,0,42,0,0,0,0,2,1,1,0,0,3,0,0
http://www.aolanswers.com,FALSE,1,999,-1,-1,-1,-1,NA,NA,NA,NA,NA,NA,NA,NA,,,,,,,,,,,,,
http://www.articlesbase.com,FALSE,1,16,0,0,0,0,3,1,0,4,0,0,0,0,,,,,,,,,,,,,
http://www.trailer.ly,FALSE,1,12,-1,0,-1,0,0,3,0,1,0,0,0,0,,,,,,,,,,,,,
http://www.wyndhamrewards.com,TRUE,1,13,0,0,0,0,0,3,0,2,0,0,0,0,,,,,,,,,,,,,
http://www.fontspace.com,TRUE,2,6,0,0,0,0,0,0,0,2,0,0,0,0,31,1,1,1,1,0,2,1,2,0,0,0,0
http://www.veoh.com,TRUE,1,13,0,0,0,0,1,2,0,1,0,1,0,0,,,,,,,,,,,,,
http://www.oneall.com,TRUE,2,6,-1,5,-1,2,0,0,0,0,2,0,1,0,40,0,0,0,0,0,3,0,2,0,0,0,0
http://www.moddb.com,TRUE,1,13,-1,0,-1,0,0,3,0,1,0,1,0,0,,,,,,,,,,,,,
http://www.mypoints.com,FALSE,2,6,0,0,0,0,0,0,0,2,0,0,0,0,50,0,0,0,0,0,4,0,2,0,0,1,0
http://www.westelm.com,FALSE,2,11,0,0,0,0,0,1,0,2,0,0,1,0,29,0,0,0,0,0,2,0,1,0,0,0,0
http://www.gsn.com,FALSE,2,7,0,0,0,0,0,0,0,3,0,0,1,0,39,0,0,0,0,0,3,0,1,0,0,0,0
http://www.crackberry.com,error,,,,,,,,,,,,,,,,,,,,,,,,,,,
http://www.naturallycurly.com,TRUE,1,12,-1,0,-1,0,1,1,0,2,0,0,0,0,,,,,,,,,,,,,
http://www.managemylife.com,error,,,,,,,,,,,,,,,,,,,,,,,,,,,
http://www.inquirehow.com,FALSE,2,7,0,0,0,0,0,0,0,3,0,0,0,0,39,-1,0,-1,0,3,0,0,1,0,0,0,0
http://www.lyrster.com,FALSE,1,12,0,0,0,0,1,1,0,1,0,1,0,0,,,,,,,,,,,,,
http://www.agame.com,TRUE,2,6,0,2,0,2,0,0,0,2,0,0,0,0,50,0,0,0,0,0,4,0,2,0,0,0,0
http://www.walkscore.com,FALSE,1,12,-1,0,-1,0,2,0,0,2,0,0,0,0,,,,,,,,,,,,,
http://www.neoseeker.com,FALSE,1,13,0,1,0,1,0,3,0,0,2,0,0,0,,,,,,,,,,,,,
http://www.cdbaby.com,FALSE,2,8,0,0,0,0,0,0,0,3,1,0,1,0,20,-1,0,-1,0,0,2,0,0,0,0,0,0
http://www.nbcmiami.com,TRUE,2,9,0,0,0,0,0,0,0,5,0,0,0,0,39,0,0,0,0,0,3,0,1,0,0,0,0
http://www.insiderpages.com,TRUE,1,999,-1,-1,-1,-1,NA,NA,NA,NA,NA,NA,NA,NA,,,,,,,,,,,,,
http://www.azfamily.com,FALSE,2,6,0,0,0,0,0,0,0,1,1,0,0,0,30,0,2,0,2,0,2,0,1,1,0,0,0
http://www.nikonusa.com,TRUE,2,6,0,2,1,4,0,0,0,1,1,0,0,0,30,0,1,0,1,0,2,1,1,0,0,0,0
http://www.courant.com,TRUE,2,6,0,1,0,1,0,0,0,0,2,0,0,0,10,1,22,1,22,0,1,0,0,0,0,0,0
http://www.timesdispatch.com,TRUE,1,11,-1,0,-1,1,0,2,0,1,0,0,0,0,,,,,,,,,,,,,
http://www.ancientfaces.com,FALSE,2,6,-1,2,-1,2,0,0,0,2,0,0,0,0,20,3,4,3,4,1,0,0,1,0,1,0,0
http://www.trysensa.com,TRUE,2,6,0,0,0,0,0,0,0,2,0,0,1,0,41,0,0,0,0,2,1,0,3,0,0,0,0
http://www.ae.com,TRUE,1,12,-1,0,-1,0,2,0,0,2,0,0,0,0,,,,,,,,,,,,,
http://www.accessatlanta.com,FALSE,2,14,-1,0,-1,0,0,0,0,0,10,0,0,0,10,-1,3,-1,3,0,1,0,0,0,0,0,0
http://www.iwin.com,FALSE,1,12,-1,0,-1,0,0,2,0,0,0,2,0,0,,,,,,,,,,,,,
http://www.digitalpoint.com,TRUE,1,11,-1,0,-1,0,1,1,0,1,0,0,0,0,,,,,,,,,,,,,
http://www.minyanville.com,FALSE,2,7,0,0,0,0,0,0,0,3,0,0,0,0,999,-1,-1,-1,-1,NA,NA,NA,NA,NA,NA,NA,NA
http://www.baseball-reference.com,error,,,,,,,,,,,,,,,,,,,,,,,,,,,
http://www.everydayfamily.com,FALSE,2,5,-1,2,-1,1,0,0,0,1,0,0,1,0,30,0,2,0,2,0,3,0,0,0,0,0,0
http://www.songkick.com,FALSE,2,5,0,0,1,1,0,0,0,1,0,0,0,0,19,1,1,1,1,0,1,0,1,0,0,0,0
http://www.findthedata.org,FALSE,1,10,-1,0,-1,0,1,0,0,1,0,0,0,0,,,,,,,,,,,,,
http://www.shopsocially.com,TRUE,2,6,0,0,0,0,0,0,0,2,0,0,0,0,6,2,2,2,2,0,0,0,1,0,1,0,0
http://www.desmoinesregister.com,FALSE,1,14,-1,0,-1,0,0,2,0,4,0,0,0,0,,,,,,,,,,,,,
http://www.globaltestmarket.com,TRUE,1,20,0,0,0,0,6,1,0,5,0,0,0,0,,,,,,,,,,,,,
http://www.voanews.com,FALSE,2,7,0,0,0,0,0,0,0,3,0,0,0,0,46,0,0,0,0,3,0,0,6,0,2,0,0
http://www.katespade.com,FALSE,2,8,0,0,0,0,0,0,0,3,1,0,0,0,40,0,0,0,0,0,3,0,2,0,0,0,0
http://www.vevo.com,error,,,,,,,,,,,,,,,,,,,,,,,,,,,
http://www.carsdirect.com,TRUE,1,13,0,0,0,0,0,3,0,2,0,0,0,0,,,,,,,,,,,,,
http://www.brightlist.com,FALSE,2,6,0,0,0,0,0,0,0,2,0,0,0,0,39,0,0,0,0,3,0,0,1,0,0,0,0
http://www.fitbit.com,TRUE,2,7,0,0,0,0,0,0,0,3,0,0,0,0,20,0,3,0,3,0,2,0,0,0,0,0,0
http://www.wral.com,TRUE,1,11,-1,0,-1,0,0,1,0,0,2,0,0,0,,,,,,,,,,,,,
http://www.wnyc.org,TRUE,2,6,0,1,0,1,0,0,0,1,1,0,0,0,10,0,0,0,0,0,1,0,0,0,0,0,0
http://www.vladtv.com,FALSE,2,6,1,2,1,2,0,0,0,2,0,0,0,0,30,1,1,1,1,1,1,1,1,0,0,0,0
http://www.crocs.com,FALSE,2,7,0,1,0,1,0,0,0,3,0,0,0,0,41,0,0,0,0,0,3,0,3,0,0,0,0
http://www.wikimapia.org,FALSE,2,5,0,0,0,0,0,0,0,1,0,0,0,0,41,0,0,0,0,1,2,0,3,0,0,0,0
http://www.truecar.com,FALSE,2,7,0,0,0,0,0,0,0,2,1,0,0,0,51,0,0,0,0,1,3,0,3,0,0,0,0
http://www.animoto.com,FALSE,2,7,0,0,0,0,0,0,0,1,2,0,0,0,29,0,0,0,0,1,1,0,1,0,0,0,0
http://www.fncstatic.com,FALSE,1,15,-1,0,-1,0,0,3,0,4,0,0,0,0,,,,,,,,,,,,,
http://www.nbcconnecticut.com,TRUE,2,9,0,0,0,0,0,0,0,5,0,0,0,0,39,0,0,0,0,0,3,0,1,0,0,0,0
http://www.zinio.com,error,,,,,,,,,,,,,,,,,,,,,,,,,,,
http://www.tripadvisor.it,FALSE,1,12,0,0,0,0,0,3,0,1,0,0,0,0,,,,,,,,,,,,,
http://www.bestplaces.net,error,,,,,,,,,,,,,,,,,,,,,,,,,,,
http://www.omahasteaks.com,FALSE,1,10,-1,1,-1,0,0,1,0,1,0,0,1,0,,,,,,,,,,,,,
http://www.wftv.com,FALSE,2,14,-1,0,-1,0,0,0,0,0,10,0,0,0,10,-1,5,-1,5,0,1,0,0,0,0,0,0
http://www.pingg.com,FALSE,1,999,-1,-1,-1,-1,NA,NA,NA,NA,NA,NA,NA,NA,,,,,,,,,,,,,
http://www.skillpages.com,FALSE,2,6,0,0,0,0,0,0,0,2,0,0,0,0,29,0,1,0,1,1,1,0,1,0,0,0,0
http://www.thesuperficial.com,FALSE,1,13,-1,0,-1,0,4,0,0,1,0,0,0,0,,,,,,,,,,,,,
http://www.addictinggames.com,error,,,,,,,,,,,,,,,,,,,,,,,,,,,
http://www.cesarsway.com,FALSE,2,5,0,0,0,0,0,0,0,1,0,0,0,0,40,0,0,0,0,0,3,0,2,0,0,0,0
http://www.allfreecrochet.com,FALSE,1,11,-1,0,-1,0,0,2,0,1,0,0,0,0,,,,,,,,,,,,,
http://www.trustlink.org,TRUE,1,999,-1,-1,-1,-1,NA,NA,NA,NA,NA,NA,NA,NA,,,,,,,,,,,,,
http://www.ebates.com,FALSE,1,12,-1,0,-1,0,1,1,0,2,0,0,0,0,,,,,,,,,,,,,
http://www.justia.com,TRUE,2,5,0,0,0,0,0,0,0,0,1,0,0,0,999,-1,-1,-1,-1,NA,NA,NA,NA,NA,NA,NA,NA
http://www.agoda.com,TRUE,2,11,-1,0,-1,0,1,0,0,2,0,0,0,0,19,1,1,1,1,0,1,0,0,1,0,0,0
http://www.topicologist.com,FALSE,2,7,0,0,0,0,0,0,0,3,0,0,0,0,39,0,0,0,0,3,0,0,1,0,0,0,0
http://www.complaintsboard.com,TRUE,1,14,0,0,0,0,0,3,1,1,0,1,0,0,,,,,,,,,,,,,
http://www.neatorama.com,FALSE,1,14,-1,0,-1,0,0,3,0,3,0,0,0,0,,,,,,,,,,,,,
http://www.wholefoodsmarket.com,TRUE,2,6,-1,-1,0,0,0,0,0,0,0,0,2,0,20,0,0,0,0,0,2,0,0,0,0,0,0
http://www.haaretz.com,FALSE,1,11,-1,1,-1,1,1,1,0,0,1,0,0,0,,,,,,,,,,,,,
http://www.everytrail.com,FALSE,1,999,-1,-1,-1,-1,NA,NA,NA,NA,NA,NA,NA,NA,,,,,,,,,,,,,
http://www.hotfrog.com,error,,,,,,,,,,,,,,,,,,,,,,,,,,,
http://www.remax.com,FALSE,1,13,-1,0,-1,0,1,1,0,2,1,0,0,0,,,,,,,,,,,,,
http://www.readability.com,TRUE,2,7,0,0,0,0,0,0,0,3,0,0,0,0,41,0,0,0,0,0,3,0,1,0,2,0,0
http://www.mysurvey.com,TRUE,1,19,0,0,0,0,5,1,0,5,0,0,0,0,,,,,,,,,,,,,
http://www.wpcentral.com,error,,,,,,,,,,,,,,,,,,,,,,,,,,,
http://www.linksys.com,TRUE,2,6,-1,0,-1,0,0,0,0,2,0,0,0,0,20,1,2,1,2,1,1,0,0,0,0,0,0
http://www.whiotv.com,error,,,,,,,,,,,,,,,,,,,,,,,,,,,
http://www.automobilemag.com,FALSE,2,15,-1,0,-1,0,0,0,0,0,11,0,0,0,20,-1,2,-1,2,0,2,0,0,0,0,0,0
http://www.pizap.com,FALSE,2,6,0,0,0,0,0,0,0,1,1,0,0,0,19,0,1,0,1,0,1,0,1,0,0,0,0
http://www.knoxnews.com,FALSE,1,13,-1,0,-1,0,0,2,0,1,0,2,0,0,,,,,,,,,,,,,
http://www.crosscards.com,FALSE,2,7,0,0,0,0,0,0,0,3,0,0,1,0,39,0,0,0,0,0,3,0,1,0,0,0,0
http://www.trails.com,error,,,,,,,,,,,,,,,,,,,,,,,,,,,
http://www.tennessean.com,error,,,,,,,,,,,,,,,,,,,,,,,,,,,
http://www.coolsavings.com,TRUE,2,7,0,0,0,0,0,0,0,1,2,0,0,0,50,0,0,0,0,3,1,0,0,1,1,0,0
http://www.hi5.com,FALSE,1,13,0,0,0,0,0,3,0,1,0,1,0,0,,,,,,,,,,,,,
http://www.redrobin.com,TRUE,2,5,-1,0,-1,0,0,0,0,1,0,0,0,0,30,-1,0,-1,0,0,3,0,0,0,0,0,0
http://www.mynewplace.com,FALSE,1,13,-1,0,-1,0,3,0,0,1,1,0,1,0,,,,,,,,,,,,,
http://www.topspeed.com,TRUE,1,12,-1,0,-1,0,1,2,0,1,0,0,0,0,,,,,,,,,,,,,
http://www.punchtab.com,TRUE,2,7,0,0,0,0,0,0,0,2,1,0,0,0,29,1,2,1,2,0,2,0,0,0,1,0,0
http://www.justdial.com,FALSE,2,10,0,0,0,0,1,0,0,1,0,0,0,0,20,0,1,0,1,1,1,0,0,0,0,0,0
http://www.palmbeachpost.com,error,,,,,,,,,,,,,,,,,,,,,,,,,,,
http://www.windstream.net,error,,,,,,,,,,,,,,,,,,,,,,,,,,,
http://www.lyrics.com,error,,,,,,,,,,,,,,,,,,,,,,,,,,,
http://www.kirotv.com,error,,,,,,,,,,,,,,,,,,,,,,,,,,,
http://www.billingsgazette.com,TRUE,2,10,-1,0,-1,0,1,0,0,0,0,1,0,0,19,-1,2,-1,2,1,0,0,1,0,0,0,0
http://www.officer.com,error,,,,,,,,,,,,,,,,,,,,,,,,,,,
http://www.repubblica.it,error,,,,,,,,,,,,,,,,,,,,,,,,,,,
http://www.smarturl.it,FALSE,1,11,-1,0,-1,0,0,2,0,1,0,0,0,0,,,,,,,,,,,,,
http://www.atgstores.com,TRUE,2,7,-1,0,-1,0,0,0,0,3,0,0,1,0,41,0,1,0,1,0,3,0,2,1,0,0,0
http://www.vw.com,TRUE,2,6,0,0,0,1,0,0,0,2,0,0,0,0,39,0,0,0,0,0,3,0,1,0,0,0,0
http://www.jackspade.com,FALSE,1,13,-1,0,-1,0,0,3,0,2,0,0,0,0,,,,,,,,,,,,,
http://www.joyus.com,FALSE,1,999,-1,-1,-1,-1,NA,NA,NA,NA,NA,NA,NA,NA,,,,,,,,,,,,,
http://www.manualslib.com,FALSE,1,12,-1,0,-1,0,2,0,0,2,0,0,0,0,,,,,,,,,,,,,
http://www.pawnation.com,error,,,,,,,,,,,,,,,,,,,,,,,,,,,
http://www.vube.com,error,,,,,,,,,,,,,,,,,,,,,,,,,,,
http://www.hotelsavings.com,FALSE,2,6,0,0,0,0,0,0,0,1,1,0,1,0,999,-1,-1,-1,-1,NA,NA,NA,NA,NA,NA,NA,NA
http://www.wsoctv.com,FALSE,2,14,-1,0,-1,0,0,0,0,0,10,0,0,0,10,-1,5,-1,5,0,1,0,0,0,0,0,0
http://www.aarp.net,TRUE,2,6,0,1,0,1,0,0,0,2,0,0,0,0,40,0,0,0,0,0,3,0,2,0,0,0,0
http://www.ktvu.com,error,,,,,,,,,,,,,,,,,,,,,,,,,,,
http://www.photo.net,error,,,,,,,,,,,,,,,,,,,,,,,,,,,
http://www.sonyrewards.com,TRUE,1,14,-1,0,-1,0,0,2,0,3,0,1,0,0,,,,,,,,,,,,,
http://www.vk.com,error,,,,,,,,,,,,,,,,,,,,,,,,,,,
http://www.theberry.com,error,,,,,,,,,,,,,,,,,,,,,,,,,,,
http://www.myview.com,TRUE,1,13,0,0,0,0,0,3,0,2,0,0,0,0,,,,,,,,,,,,,
http://www.armorgames.com,TRUE,2,12,0,0,0,0,0,2,0,2,0,0,0,0,29,0,1,0,1,0,2,0,0,0,1,0,0
http://www.homescape.com,FALSE,2,7,-1,0,-1,0,0,0,0,3,0,0,0,0,40,0,0,0,0,0,3,0,2,0,0,0,0
http://www.pixdaus.com,FALSE,1,12,0,0,0,0,2,1,0,1,0,0,0,0,,,,,,,,,,,,,
http://www.givemesport.com,FALSE,1,999,-1,-1,-1,-1,NA,NA,NA,NA,NA,NA,NA,NA,,,,,,,,,,,,,
http://www.rgj.com,FALSE,1,14,-1,0,-1,0,0,2,0,4,0,0,0,0,,,,,,,,,,,,,
http://www.adage.com,TRUE,1,12,0,0,0,0,0,3,0,1,0,0,0,0,,,,,,,,,,,,,
http://www.memory-alpha.org,FALSE,2,8,0,1,0,1,0,0,0,4,0,0,0,0,51,0,0,0,0,0,4,0,2,0,1,0,0
http://www.mandatory.com,error,,,,,,,,,,,,,,,,,,,,,,,,,,,
http://www.gamefly.com,error,,,,,,,,,,,,,,,,,,,,,,,,,,,
http://www.blekko.com,TRUE,2,5,-1,1,-1,0,0,0,0,1,0,0,1,0,999,-1,-1,-1,-1,NA,NA,NA,NA,NA,NA,NA,NA
http://www.quibblo.com,TRUE,2,7,0,0,0,0,0,0,0,3,0,0,0,0,10,0,17,0,17,0,1,0,0,0,0,0,0
http://www.kitchendaily.com,FALSE,2,5,0,1,0,1,0,0,0,1,0,0,0,0,52,0,0,0,0,1,3,2,0,0,2,0,0
http://www.southernsavers.com,FALSE,2,5,0,0,1,1,0,0,0,1,0,0,0,0,20,0,1,0,1,0,2,0,0,0,0,0,0
http://www.toluna.com,FALSE,1,15,0,0,0,0,3,2,1,0,0,1,0,0,,,,,,,,,,,,,
http://www.kennedy-center.org,FALSE,2,6,0,0,0,0,0,0,0,2,0,0,1,0,30,0,0,0,0,1,1,0,1,0,1,0,0
http://www.irishcentral.com,FALSE,1,13,-1,0,-1,0,0,3,0,2,0,0,0,0,,,,,,,,,,,,,
http://www.fabkids.com,TRUE,1,12,-1,0,-1,0,1,1,0,1,1,0,0,0,,,,,,,,,,,,,
http://www.americasjobexchange.com,error,,,,,,,,,,,,,,,,,,,,,,,,,,,
http://www.jobsense.com,FALSE,2,7,0,0,0,0,0,0,0,3,0,0,0,0,39,-1,0,-1,0,3,0,0,1,0,0,0,0
http://www.newspaperarchive.com,FALSE,1,11,0,0,0,0,0,2,0,1,0,0,0,0,,,,,,,,,,,,,
http://www.videojug.com,TRUE,1,16,0,0,0,0,0,5,2,1,0,0,2,0,,,,,,,,,,,,,
http://www.visual.ly,FALSE,1,15,-1,0,-1,0,0,4,0,0,3,0,0,0,,,,,,,,,,,,,
http://www.docusign.com,TRUE,2,7,0,0,0,0,0,0,0,3,0,0,0,0,10,0,0,0,0,0,1,0,0,0,0,0,0
http://www.reverso.net,FALSE,1,13,0,0,0,0,3,1,0,1,0,0,1,0,,,,,,,,,,,,,
http://www.nickmom.com,FALSE,1,10,-1,0,-1,0,0,1,0,1,0,0,0,0,,,,,,,,,,,,,
http://www.wellsphere.com,TRUE,2,6,0,0,0,0,0,0,0,2,0,0,0,0,42,0,0,0,0,1,2,0,1,0,3,0,0
http://www.cycletrader.com,TRUE,2,7,0,0,0,0,0,0,0,1,2,0,0,0,40,0,0,0,0,0,3,0,2,0,0,0,0
http://www.courier-journal.com,FALSE,1,14,-1,0,-1,0,0,2,0,4,0,0,0,0,,,,,,,,,,,,,
http://www.yandex.ru,error,,,,,,,,,,,,,,,,,,,,,,,,,,,
http://www.delicious.com,TRUE,2,6,0,1,0,1,0,0,0,1,1,0,0,0,41,0,0,0,0,0,3,0,2,1,0,0,0
http://www.myxer.com,TRUE,1,17,0,0,0,0,3,1,1,1,3,0,1,0,,,,,,,,,,,,,
http://www.myvideo.de,FALSE,1,13,-1,0,-1,0,0,4,0,1,0,0,0,0,,,,,,,,,,,,,
http://www.newbalance.com,error,,,,,,,,,,,,,,,,,,,,,,,,,,,
http://www.daytondailynews.com,FALSE,2,14,-1,0,-1,0,0,0,0,0,10,0,0,0,10,-1,3,-1,3,0,1,0,0,0,0,0,0
http://www.huffingtonpost.co.uk,TRUE,2,8,0,0,0,0,0,0,0,3,0,1,0,0,30,0,0,0,0,0,2,0,1,0,1,0,0
http://www.craftsy.com,FALSE,2,6,1,1,1,1,0,0,0,1,1,0,0,0,30,1,1,1,1,0,2,0,1,1,0,0,0
http://www.metacritic.com,TRUE,2,7,0,0,0,0,0,0,0,3,0,0,0,0,29,0,0,0,0,1,1,0,1,0,0,0,0
http://www.univision.com,TRUE,2,6,0,0,0,0,0,0,0,2,0,0,0,0,39,-1,0,-1,0,0,3,0,1,0,0,0,0
http://www.halfoffdeals.com,error,,,,,,,,,,,,,,,,,,,,,,,,,,,
http://www.trendhunter.com,TRUE,2,6,0,0,0,0,0,0,0,2,0,0,0,0,40,0,0,0,0,3,0,0,1,0,1,0,0
http://www.scmp.com,FALSE,1,999,-1,-1,-1,-1,NA,NA,NA,NA,NA,NA,NA,NA,,,,,,,,,,,,,
http://www.democratandchronicle.com,FALSE,2,9,-1,0,-1,0,0,0,0,4,1,0,2,0,42,0,0,0,0,0,3,1,3,0,0,1,0
http://www.clarionledger.com,FALSE,1,14,-1,0,-1,0,0,2,0,4,0,0,0,0,,,,,,,,,,,,,
http://www.webutation.net,FALSE,1,14,0,0,0,0,2,1,0,3,0,0,0,0,,,,,,,,,,,,,
http://www.streetdirectory.com,FALSE,2,8,-1,0,-1,0,0,0,0,4,0,0,4,0,64,0,0,0,0,3,2,0,6,0,0,1,0
http://www.payscale.com,FALSE,2,7,0,0,0,0,0,0,0,3,0,0,0,0,29,0,0,0,0,1,1,0,1,0,0,0,0
http://www.over-blog.com,TRUE,2,7,0,0,0,0,0,0,0,1,1,1,0,0,50,0,1,0,1,0,4,0,0,1,1,0,0
http://www.yumsugar.com,FALSE,2,5,0,0,0,0,0,0,0,1,0,0,1,0,29,0,0,0,0,1,1,0,1,0,0,0,0
http://www.9wsyr.com,error,,,,,,,,,,,,,,,,,,,,,,,,,,,
http://www.patriotdepot.com,error,,,,,,,,,,,,,,,,,,,,,,,,,,,
http://www.aflcio.org,FALSE,1,13,-1,0,-1,0,0,3,0,2,0,0,0,0,,,,,,,,,,,,,
http://www.slashdot.org,FALSE,1,15,-1,0,-1,0,0,3,0,4,0,0,0,0,,,,,,,,,,,,,
http://www.goodsearch.com,FALSE,2,7,0,0,0,0,0,0,0,3,0,0,0,0,29,0,0,0,0,0,2,0,1,0,0,0,0
http://www.tingo.com,FALSE,2,6,0,0,0,0,0,0,0,1,1,0,0,0,30,0,0,0,0,1,1,0,2,0,0,0,0
http://www.yellowbot.com,TRUE,2,6,0,0,0,0,0,0,0,0,2,0,0,0,30,0,0,0,0,0,2,0,1,1,0,0,0
http://www.zoho.com,TRUE,2,8,-1,-1,1,2,0,0,0,0,0,0,0,4,39,0,0,0,0,1,2,0,0,1,0,1,0
http://www.fox23.com,TRUE,2,6,0,0,0,0,0,0,0,1,1,0,0,0,42,0,0,0,0,2,1,0,4,0,0,0,0
http://www.lehighvalleylive.com,FALSE,2,13,-1,1,-1,1,2,1,0,0,2,0,0,0,49,0,0,0,0,0,4,0,1,0,0,0,0
http://www.homefinder.com,FALSE,2,7,-1,0,-1,0,0,0,0,3,0,0,0,0,40,0,0,0,0,0,3,0,2,0,0,0,0
http://www.weddingbee.com,TRUE,1,10,0,0,0,0,0,1,0,1,0,0,0,0,,,,,,,,,,,,,
http://www.deluxe.com,error,,,,,,,,,,,,,,,,,,,,,,,,,,,
http://www.towleroad.com,error,,,,,,,,,,,,,,,,,,,,,,,,,,,
http://www.realself.com,error,,,,,,,,,,,,,,,,,,,,,,,,,,,
http://www.makeupalley.com,FALSE,2,8,0,0,0,0,0,0,0,4,0,0,0,0,39,0,0,0,0,2,1,0,1,0,0,0,0
http://www.thedailymeal.com,FALSE,2,7,-1,0,-1,0,0,0,0,2,1,0,0,0,42,0,0,0,0,1,2,2,0,0,2,0,0
http://www.theweathernetwork.com,TRUE,2,7,-1,0,-1,0,0,0,0,1,2,0,1,0,30,0,0,0,0,1,1,0,2,0,0,0,0
http://www.silive.com,FALSE,2,13,-1,0,-1,0,2,1,0,0,2,0,0,0,49,0,0,0,0,0,4,0,1,0,0,0,0
http://www.filmon.com,TRUE,2,11,-1,0,-1,0,0,2,0,0,1,0,0,0,20,-1,0,-1,0,0,1,0,0,0,2,0,0
http://www.meez.com,TRUE,2,8,0,0,0,0,0,0,0,4,0,0,0,0,53,0,0,0,0,3,1,0,2,1,2,1,0
http://www.beyonddiet.com,TRUE,2,6,-1,1,-1,0,0,0,0,2,0,0,1,0,30,0,0,0,0,1,1,0,2,0,0,0,0
http://www.homesnap.com,FALSE,2,12,-1,0,-1,0,2,0,0,2,0,0,0,0,30,-1,0,-1,0,0,2,0,0,2,0,0,0
http://www.kidcity.com,FALSE,2,7,0,0,0,0,0,0,0,3,0,0,0,0,39,0,0,0,0,3,0,0,1,0,0,0,0
http://www.gamewise.co,FALSE,1,22,0,0,0,0,2,7,2,3,0,0,0,0,,,,,,,,,,,,,
http://www.cookingchanneltv.com,FALSE,2,6,0,0,0,0,0,0,0,1,1,0,0,0,20,0,1,0,1,0,2,0,0,0,0,0,0
http://www.freeonlinegames.com,FALSE,1,14,0,0,0,0,0,3,0,3,0,0,0,0,,,,,,,,,,,,,
http://www.getsatisfaction.com,error,,,,,,,,,,,,,,,,,,,,,,,,,,,
http://www.huffingtonpost.ca,error,,,,,,,,,,,,,,,,,,,,,,,,,,,
http://www.la-z-boy.com,TRUE,2,13,-1,0,-1,0,0,1,0,3,1,0,0,0,41,0,0,0,0,2,1,0,1,1,1,0,0
http://www.expedia.fr,FALSE,2,7,0,0,0,0,0,0,0,1,2,0,0,0,19,0,0,0,0,0,1,0,1,0,0,0,0
http://www.avvo.com,FALSE,2,5,-1,-1,1,1,0,0,0,0,0,0,1,0,30,0,0,0,0,0,2,0,2,0,0,0,0
http://www.clipnation.com,TRUE,2,7,0,0,0,0,0,0,0,1,2,0,0,0,39,0,0,0,0,2,1,0,1,0,0,0,0
http://www.automotive.com,TRUE,2,7,0,0,0,1,0,0,0,3,0,0,0,0,20,0,0,0,0,0,2,0,0,0,0,0,0
http://www.ziplist.com,FALSE,2,7,-1,0,-1,0,0,0,0,2,1,0,0,0,40,0,0,0,0,0,3,0,2,0,0,0,0
http://www.rubylane.com,TRUE,2,8,0,0,0,0,0,0,0,1,3,0,0,0,999,-1,-1,-1,-1,NA,NA,NA,NA,NA,NA,NA,NA
http://www.wheeloffortune.com,FALSE,1,3,-1,3,-1,4,0,3,0,0,0,0,0,0,,,,,,,,,,,,,
http://www.offers.com,FALSE,2,7,-1,0,-1,0,0,0,0,3,0,0,0,0,40,0,0,0,0,1,2,1,1,0,0,0,0
http://www.roadandtrack.com,TRUE,1,11,0,0,0,0,1,1,0,0,1,0,0,0,,,,,,,,,,,,,
http://www.librarything.com,TRUE,2,6,0,0,0,0,0,0,0,0,2,0,0,0,10,0,0,0,0,0,1,0,0,0,0,0,0
http://www.creativecow.net,TRUE,2,5,0,1,1,1,0,0,0,1,0,0,1,0,41,0,0,0,0,0,3,0,3,0,0,0,0
http://www.thehairpin.com,FALSE,2,6,0,0,0,0,0,0,0,0,2,0,0,0,20,0,5,0,5,0,2,0,0,0,0,0,0
http://www.weei.com,error,,,,,,,,,,,,,,,,,,,,,,,,,,,
http://www.maillist-manage.com,error,,,,,,,,,,,,,,,,,,,,,,,,,,,
http://www.viewpoints.com,TRUE,2,6,0,0,0,0,0,0,0,2,0,0,0,0,19,0,0,0,0,0,1,0,1,0,0,0,0
http://www.news-press.com,FALSE,1,14,-1,0,-1,0,0,2,0,4,0,0,0,0,,,,,,,,,,,,,
http://www.mmafighting.com,TRUE,1,10,-1,0,-1,0,0,1,0,1,0,0,0,0,,,,,,,,,,,,,
http://www.appgraffiti.com,error,,,,,,,,,,,,,,,,,,,,,,,,,,,
http://www.prezi.com,FALSE,1,13,0,0,0,0,1,2,0,2,0,0,0,0,,,,,,,,,,,,,
http://www.floridatoday.com,FALSE,1,14,-1,0,-1,0,0,2,0,4,0,0,0,0,,,,,,,,,,,,,
http://www.spreecast.com,FALSE,2,8,0,0,0,0,0,0,0,4,0,0,0,0,39,0,0,0,0,0,3,1,0,0,0,0,0
http://www.whatcounts.com,TRUE,1,12,0,0,0,0,2,0,0,0,0,2,0,0,,,,,,,,,,,,,
http://www.zorpia.com,TRUE,1,14,0,0,0,0,2,2,0,1,0,1,0,0,,,,,,,,,,,,,
http://www.dailyglow.com,TRUE,2,7,-1,0,-1,0,0,0,0,1,2,0,0,0,30,-1,0,-1,0,0,3,0,0,0,0,0,0
http://www.nextdoor.com,TRUE,2,6,0,0,0,0,0,0,0,1,1,0,0,0,51,0,0,0,0,0,4,0,2,1,0,0,0
http://www.app.com,FALSE,1,14,-1,0,-1,0,0,2,0,4,0,0,0,0,,,,,,,,,,,,,
http://www.pet360.com,TRUE,2,8,-1,0,-1,0,0,0,0,4,0,0,1,0,19,2,3,0,1,0,1,0,1,0,0,1,0
http://www.tomsguide.com,FALSE,1,13,0,0,0,0,0,3,0,2,0,0,0,0,,,,,,,,,,,,,
http://www.klout.com,FALSE,1,12,0,1,0,1,2,0,1,0,0,1,0,0,,,,,,,,,,,,,
http://www.grandparents.com,TRUE,2,7,0,0,0,0,0,0,0,3,0,0,0,0,42,0,0,0,0,0,3,1,3,0,0,0,0
http://www.technologyreview.com,FALSE,2,7,0,0,0,0,0,0,0,3,0,0,0,0,39,0,0,0,0,0,3,0,1,0,0,0,0
http://www.recipe.com,FALSE,2,10,0,0,0,0,0,1,0,0,1,0,0,0,40,-1,0,-1,0,0,3,0,2,0,0,0,0
http://www.wat.tv,FALSE,2,5,0,1,1,2,0,0,0,0,0,1,0,0,30,0,0,0,0,2,0,0,1,0,1,0,0
http://www.songza.com,error,,,,,,,,,,,,,,,,,,,,,,,,,,,
http://www.luckybrand.com,FALSE,1,13,-1,0,-1,0,0,3,0,2,0,0,0,0,,,,,,,,,,,,,
http://www.smh.com.au,TRUE,2,6,0,1,0,1,0,0,0,2,0,0,0,0,32,0,0,0,0,0,2,0,4,0,0,0,0
http://www.trivago.com,FALSE,2,5,-1,1,-1,1,0,0,0,0,1,0,0,0,39,0,0,0,0,2,1,0,1,0,0,0,0
http://www.independent.ie,error,,,,,,,,,,,,,,,,,,,,,,,,,,,
http://www.plink.com,FALSE,1,13,-1,0,-1,0,0,3,0,2,0,0,0,0,,,,,,,,,,,,,
http://www.999ktdy.com,TRUE,1,10,-1,2,-1,3,0,1,0,0,0,1,0,0,,,,,,,,,,,,,
http://www.roadscholar.org,FALSE,1,12,-1,0,-1,0,3,0,0,1,0,0,0,0,,,,,,,,,,,,,
http://www.speedtv.com,error,,,,,,,,,,,,,,,,,,,,,,,,,,,
http://www.newretirement.com,FALSE,2,7,0,0,0,0,0,0,0,3,0,0,0,0,999,-1,-1,-1,-1,NA,NA,NA,NA,NA,NA,NA,NA
http://www.makers.com,error,,,,,,,,,,,,,,,,,,,,,,,,,,,
http://www.pravda.ru,FALSE,1,11,0,0,0,0,0,2,0,1,0,0,0,0,,,,,,,,,,,,,
http://www.build.com,error,,,,,,,,,,,,,,,,,,,,,,,,,,,
http://www.discoverbing.com,FALSE,2,5,0,0,0,0,0,0,0,0,1,0,0,0,41,0,0,0,0,0,3,0,0,2,1,0,0
http://www.clarkhoward.com,error,,,,,,,,,,,,,,,,,,,,,,,,,,,
http://www.depositphotos.com,FALSE,1,16,0,0,0,0,2,2,0,4,0,0,0,0,,,,,,,,,,,,,
http://www.madison.com,TRUE,1,10,-1,1,-1,1,1,0,0,1,0,0,0,0,,,,,,,,,,,,,
http://www.urtak.com,error,,,,,,,,,,,,,,,,,,,,,,,,,,,
http://www.cricketcountry.com,FALSE,1,11,-1,0,-1,0,2,0,0,1,0,0,0,0,,,,,,,,,,,,,
http://www.delawareonline.com,TRUE,1,14,-1,0,-1,0,0,2,0,4,0,0,0,0,,,,,,,,,,,,,
http://www.davidsbridal.com,TRUE,1,11,0,0,0,0,1,1,0,1,0,0,0,0,,,,,,,,,,,,,
http://www.teamsnap.com,TRUE,1,12,-1,0,-1,0,1,2,0,1,0,0,0,0,,,,,,,,,,,,,
http://www.mypalmbeachpost.com,FALSE,2,14,-1,0,-1,0,0,0,0,0,10,0,0,0,10,-1,1,-1,1,0,1,0,0,0,0,0,0
http://www.roomstays.com,TRUE,2,6,0,0,0,0,0,0,0,2,0,0,0,0,39,0,0,0,0,0,3,1,0,0,0,0,0
http://www.lohud.com,TRUE,1,14,-1,0,-1,0,0,2,0,4,0,0,0,0,,,,,,,,,,,,,
http://www.commercialappeal.com,FALSE,1,13,-1,0,-1,0,0,2,0,1,0,2,0,0,,,,,,,,,,,,,
http://www.chicagoreader.com,FALSE,2,6,0,0,0,0,0,0,0,2,0,0,0,0,30,0,2,0,2,1,1,0,2,0,0,0,0
http://www.mccormick.com,TRUE,1,12,-1,0,-1,0,0,3,0,1,0,0,0,0,,,,,,,,,,,,,
http://www.biblestudytools.com,FALSE,1,12,-1,0,-1,0,0,1,1,2,0,0,0,0,,,,,,,,,,,,,
http://www.points.com,TRUE,2,6,0,0,0,0,0,0,0,2,0,0,0,0,999,-1,-1,-1,-1,NA,NA,NA,NA,NA,NA,NA,NA
http://www.bestcovery.com,FALSE,2,7,0,0,0,0,0,0,0,2,1,0,0,0,40,0,0,0,0,2,1,0,1,0,1,0,0
http://www.naplesnews.com,FALSE,1,13,-1,0,-1,0,0,2,0,1,0,2,0,0,,,,,,,,,,,,,
http://www.allfreeknitting.com,FALSE,1,11,-1,0,-1,0,0,2,0,1,0,0,0,0,,,,,,,,,,,,,
http://www.justcloud.com,FALSE,1,12,-1,0,-1,0,2,1,0,0,0,1,0,0,,,,,,,,,,,,,
http://www.shift.com,error,,,,,,,,,,,,,,,,,,,,,,,,,,,
http://www.nextdaypets.com,TRUE,2,7,-1,0,-1,1,0,0,0,3,0,0,0,0,20,1,1,1,1,0,1,0,2,0,0,0,0
http://www.barchart.com,FALSE,1,12,0,0,0,0,1,1,0,2,0,0,0,0,,,,,,,,,,,,,
http://www.fuelly.com,TRUE,2,6,0,0,0,1,0,0,0,2,0,0,0,0,42,0,0,0,0,0,3,0,3,1,0,0,0
http://www.flattr.com,TRUE,1,13,-1,0,-1,0,0,3,0,0,2,0,0,0,,,,,,,,,,,,,
http://www.digg.com,error,,,,,,,,,,,,,,,,,,,,,,,,,,,
http://www.qctimes.com,TRUE,1,10,-1,1,-1,1,1,0,0,1,0,0,0,0,,,,,,,,,,,,,
http://www.calorie-count.com,TRUE,1,12,-1,0,-1,0,1,1,0,2,0,0,0,0,,,,,,,,,,,,,
http://www.bloodyelbow.com,TRUE,1,10,-1,0,-1,0,0,1,0,1,0,0,0,0,,,,,,,,,,,,,
http://www.thefancy.com,TRUE,2,7,0,0,0,0,0,0,0,1,2,0,0,0,20,0,0,0,0,1,1,0,0,0,0,0,0
http://www.docusign.net,FALSE,2,8,0,0,0,0,0,0,0,4,0,0,0,0,10,0,0,0,0,0,1,0,0,0,0,0,0
http://www.jobpath.com,TRUE,2,8,0,0,0,0,0,0,0,1,3,0,0,0,52,0,0,0,0,1,3,1,3,0,0,0,0
http://www.canalblog.com,TRUE,1,999,-1,-1,-1,-1,NA,NA,NA,NA,NA,NA,NA,NA,,,,,,,,,,,,,
http://www.santabanta.com,error,,,,,,,,,,,,,,,,,,,,,,,,,,,
http://www.alltrails.com,FALSE,1,11,0,0,0,0,1,1,0,0,0,1,0,0,,,,,,,,,,,,,
http://www.kongregate.com,FALSE,1,16,-1,0,-1,0,0,5,0,0,2,1,0,0,,,,,,,,,,,,,
http://www.pressjack.com,error,,,,,,,,,,,,,,,,,,,,,,,,,,,
http://www.denverdailydeals.com,TRUE,1,10,-1,0,-1,0,1,0,0,1,0,0,0,0,,,,,,,,,,,,,
http://www.vcstar.com,FALSE,1,13,-1,0,-1,0,0,2,0,1,0,2,0,0,,,,,,,,,,,,,
http://www.yasni.com,FALSE,1,14,-1,0,-1,0,1,2,1,2,0,0,0,0,,,,,,,,,,,,,
http://www.freethoughtblogs.com,error,,,,,,,,,,,,,,,,,,,,,,,,,,,
http://www.good.is,TRUE,1,13,-1,0,-1,0,0,2,1,0,0,2,0,0,,,,,,,,,,,,,
http://www.funpic.de,TRUE,1,11,0,0,0,0,0,1,0,2,0,0,0,0,,,,,,,,,,,,,
http://www.bikeradar.com,TRUE,1,13,-1,0,-1,0,0,3,0,2,0,0,0,0,,,,,,,,,,,,,
http://www.spoke.com,FALSE,2,8,0,0,0,0,0,0,0,4,0,0,0,0,20,1,1,1,1,0,2,0,0,0,0,0,0
http://www.bitly.com,TRUE,2,6,0,0,0,0,0,0,0,0,2,0,0,0,50,0,0,0,0,0,4,0,0,2,0,1,0
http://www.mycenturylink.com,FALSE,1,11,-1,0,-1,1,1,1,0,0,0,1,0,0,,,,,,,,,,,,,
http://www.hookandbullet.com,FALSE,1,999,-1,-1,-1,-1,NA,NA,NA,NA,NA,NA,NA,NA,,,,,,,,,,,,,
http://www.matadornetwork.com,TRUE,2,5,0,0,0,0,0,0,0,1,0,0,2,0,19,1,1,1,1,0,1,0,0,0,1,0,0
http://www.allfreesewing.com,FALSE,1,11,-1,0,-1,0,0,2,0,1,0,0,0,0,,,,,,,,,,,,,
http://www.wiseshop.com,FALSE,1,12,0,0,0,0,3,0,0,1,0,0,0,0,,,,,,,,,,,,,
http://www.quora.com,FALSE,1,12,0,0,0,0,0,3,0,0,0,1,0,0,,,,,,,,,,,,,
http://www.youmint.com,TRUE,1,12,-1,0,-1,0,0,2,0,2,0,0,0,0,,,,,,,,,,,,,
http://www.1800baskets.com,error,,,,,,,,,,,,,,,,,,,,,,,,,,,
http://www.aeriagames.com,TRUE,2,10,0,0,0,0,0,0,0,6,0,0,1,0,31,0,0,0,0,2,0,0,1,0,2,0,0
http://www.whattoexpect.com,FALSE,1,13,-1,0,-1,0,0,3,0,2,0,0,0,0,,,,,,,,,,,,,
http://www.tablespoon.com,FALSE,2,7,0,1,0,1,0,0,0,2,1,0,0,0,21,0,0,0,0,0,1,0,3,0,0,0,0
http://www.candystand.com,error,,,,,,,,,,,,,,,,,,,,,,,,,,,
http://www.informationweek.com,FALSE,2,7,0,0,0,0,0,0,0,3,0,0,1,0,29,0,5,0,5,0,2,0,1,0,0,0,0
http://www.readyseteat.com,TRUE,1,15,0,0,0,0,4,0,1,0,0,2,0,0,,,,,,,,,,,,,
http://www.rebelmouse.com,FALSE,1,15,-1,0,-1,0,1,3,0,2,1,0,0,0,,,,,,,,,,,,,
http://www.foxsoccer.com,TRUE,2,5,0,0,0,2,0,0,0,0,1,0,0,0,20,-1,2,-1,2,0,2,0,0,0,0,0,0
http://www.blogher.com,FALSE,2,6,1,1,2,2,0,0,0,2,0,0,0,0,20,0,0,0,0,0,2,0,0,0,0,0,0
http://www.crooksandliars.com,error,,,,,,,,,,,,,,,,,,,,,,,,,,,
http://www.milesplit.com,TRUE,1,13,0,0,0,0,2,1,0,1,0,1,1,0,,,,,,,,,,,,,
http://www.fanbridge.com,TRUE,2,7,0,0,0,0,0,0,0,3,0,0,0,0,53,0,0,0,0,2,2,0,3,0,2,0,0
http://www.freedomworks.org,error,,,,,,,,,,,,,,,,,,,,,,,,,,,
http://www.ford-trucks.com,TRUE,2,5,-1,0,-1,0,0,0,0,0,0,1,0,2,49,-1,0,-1,0,3,1,0,1,0,0,1,0
http://www.berecruited.com,FALSE,2,5,0,0,0,0,0,0,0,1,0,0,0,0,20,1,1,1,1,1,1,0,0,0,0,0,0
http://www.mmamania.com,TRUE,1,10,-1,0,-1,0,0,1,0,1,0,0,0,0,,,,,,,,,,,,,
http://www.energycitizens.org,TRUE,1,14,0,0,0,0,1,2,0,2,0,1,0,0,,,,,,,,,,,,,
http://www.webmasterplan.com,error,,,,,,,,,,,,,,,,,,,,,,,,,,,
http://www.tapiture.com,TRUE,1,13,0,0,0,0,2,2,0,1,0,0,0,0,,,,,,,,,,,,,
http://www.computing.net,TRUE,1,10,0,0,0,0,1,0,0,0,0,1,0,0,,,,,,,,,,,,,
http://www.khanacademy.org,FALSE,1,13,0,0,0,0,0,4,0,1,0,0,0,0,,,,,,,,,,,,,
http://www.maybelline.com,TRUE,2,6,0,0,0,0,0,0,0,0,2,0,0,0,20,-1,1,-1,1,1,0,0,0,0,2,0,0
http://www.mycentraljersey.com,TRUE,1,14,-1,0,-1,0,0,2,0,4,0,0,0,0,,,,,,,,,,,,,
http://www.homesandland.com,TRUE,2,6,0,0,0,0,0,0,0,1,1,0,0,0,10,0,0,0,0,1,0,0,0,0,0,1,0
http://www.bigoven.com,TRUE,2,1,1,5,0,0,0,1,0,0,0,0,1,0,20,1,1,1,1,0,2,0,0,0,0,0,0
http://www.ycheckrates.com,FALSE,1,12,0,0,0,0,0,3,0,1,0,0,0,0,,,,,,,,,,,,,
http://www.lacrossetribune.com,TRUE,1,10,-1,2,-1,2,1,0,0,1,0,0,0,0,,,,,,,,,,,,,
http://www.vulture.com,FALSE,2,7,0,0,0,0,0,0,0,3,0,0,0,0,31,0,0,0,0,1,1,0,3,0,0,0,0
http://www.flyertalk.com,TRUE,1,14,-1,0,-1,0,3,1,0,2,0,0,1,0,,,,,,,,,,,,,
http://www.missoulian.com,TRUE,2,10,-1,0,-1,0,1,0,0,0,0,1,0,0,19,-1,2,-1,2,1,0,0,1,0,0,0,0
http://www.kaboodle.com,TRUE,2,10,0,0,0,0,0,1,0,1,0,0,0,0,40,0,0,0,0,2,1,1,1,0,0,0,0
http://www.lolception.com,TRUE,2,6,0,0,0,0,0,0,0,1,1,0,0,0,52,0,0,0,0,3,1,0,4,0,0,0,0
http://www.travelpod.com,TRUE,2,17,0,0,0,0,2,3,0,1,1,2,0,0,51,0,0,0,0,4,0,0,0,0,3,0,0
http://www.twoo.com,FALSE,1,16,0,0,0,0,1,4,1,2,0,0,0,0,,,,,,,,,,,,,
http://www.pacsun.com,TRUE,2,8,-1,-1,0,0,0,0,0,0,0,0,4,0,40,0,0,0,0,0,3,0,2,0,0,0,0
http://www.mymove.com,TRUE,1,14,-1,0,-1,0,1,3,0,2,0,0,0,0,,,,,,,,,,,,,
http://www.tripadvisor.co.uk,FALSE,1,12,0,0,0,0,0,3,0,1,0,0,0,0,,,,,,,,,,,,,
http://www.hopster.com,TRUE,1,13,-1,0,-1,0,1,2,0,2,0,0,0,0,,,,,,,,,,,,,
http://www.airbnb.com,FALSE,2,7,0,0,0,0,0,0,0,3,0,0,0,0,49,0,0,0,0,2,2,1,0,0,0,0,0
http://www.cutoutandkeep.net,TRUE,1,13,-1,0,-1,0,0,3,0,2,0,0,0,0,,,,,,,,,,,,,
http://www.baublebox.com,FALSE,1,13,0,0,0,0,0,4,0,1,0,0,0,0,,,,,,,,,,,,,
http://www.trademarkia.com,error,,,,,,,,,,,,,,,,,,,,,,,,,,,
http://www.cookeatshare.com,TRUE,1,13,0,0,0,0,2,0,0,1,0,2,0,0,,,,,,,,,,,,,
http://www.dallascowboys.com,TRUE,1,10,-1,0,-1,0,0,1,0,1,0,0,0,0,,,,,,,,,,,,,
http://www.tunegenie.com,error,,,,,,,,,,,,,,,,,,,,,,,,,,,
http://www.tarot.com,TRUE,1,14,-1,0,-1,0,0,3,0,2,0,1,0,0,,,,,,,,,,,,,
http://www.cyclingnews.com,TRUE,2,6,0,0,1,5,0,0,0,1,1,0,0,0,40,0,0,0,0,0,3,0,2,0,0,0,0
http://www.razoo.com,FALSE,1,14,-1,0,-1,0,1,3,0,2,0,0,0,0,,,,,,,,,,,,,
http://www.jollywallet.com,TRUE,1,13,0,0,0,0,2,0,0,1,0,2,0,0,,,,,,,,,,,,,
http://www.grocerycouponnetwork.com,FALSE,1,12,0,0,0,0,0,3,0,1,0,0,0,0,,,,,,,,,,,,,
http://www.fordparts.com,TRUE,2,8,0,0,0,0,0,0,0,4,0,0,0,0,20,-1,1,-1,1,0,1,1,1,0,0,0,0
http://www.newhomesource.com,error,,,,,,,,,,,,,,,,,,,,,,,,,,,
http://www.lookbook.nu,FALSE,1,14,-1,0,-1,0,1,2,0,1,1,1,0,0,,,,,,,,,,,,,
http://www.metro.co.uk,error,,,,,,,,,,,,,,,,,,,,,,,,,,,
http://www.onsugar.com,FALSE,1,999,-1,-1,-1,-1,NA,NA,NA,NA,NA,NA,NA,NA,,,,,,,,,,,,,
http://www.atlasobscura.com,FALSE,1,13,-1,0,-1,0,0,3,1,0,1,0,0,0,,,,,,,,,,,,,
http://www.watchdog.org,FALSE,1,999,-1,-1,-1,-1,NA,NA,NA,NA,NA,NA,NA,NA,,,,,,,,,,,,,
http://www.fuelrewards.com,error,,,,,,,,,,,,,,,,,,,,,,,,,,,
http://www.pixer.mobi,FALSE,1,10,0,0,0,0,0,1,0,0,1,0,0,0,,,,,,,,,,,,,
http://www.triporati.com,FALSE,1,999,-1,-1,-1,-1,NA,NA,NA,NA,NA,NA,NA,NA,,,,,,,,,,,,,
http://www.referlocal.com,FALSE,1,999,-1,-1,-1,-1,NA,NA,NA,NA,NA,NA,NA,NA,,,,,,,,,,,,,
http://www.relevantmagazine.com,FALSE,1,12,-1,0,-1,0,0,2,0,0,0,2,0,0,,,,,,,,,,,,,
http://www.socialmediatoday.com,FALSE,1,13,0,0,0,0,0,3,0,2,0,0,0,0,,,,,,,,,,,,,
http://www.investorwords.com,FALSE,1,17,-1,0,-1,0,2,3,1,2,1,0,0,0,,,,,,,,,,,,,
http://www.uship.com,TRUE,2,7,0,0,0,0,0,0,0,2,1,0,0,0,63,0,0,0,0,3,2,0,3,2,0,0,0
http://www.behance.net,TRUE,2,11,-1,0,-1,0,0,0,0,7,0,0,2,0,40,0,0,0,0,0,4,0,0,0,0,0,0
http://www.rapidcityjournal.com,TRUE,2,10,-1,0,-1,0,1,0,0,0,0,1,0,0,19,-1,3,-1,3,1,0,0,1,0,0,0,0
http://www.idealist.org,FALSE,2,7,0,0,0,0,0,0,0,3,0,0,0,0,20,-1,1,-1,1,0,2,0,0,0,0,0,0
http://www.chess.com,TRUE,1,13,0,0,0,0,0,3,0,2,0,0,0,0,,,,,,,,,,,,,
http://www.nbcnews.com,FALSE,1,11,-1,0,-1,0,1,1,0,0,0,1,0,0,,,,,,,,,,,,,
http://www.horseracingnation.com,FALSE,1,999,-1,-1,-1,-1,NA,NA,NA,NA,NA,NA,NA,NA,,,,,,,,,,,,,
http://www.pantagraph.com,TRUE,2,10,-1,0,-1,0,1,0,0,0,0,1,0,0,19,-1,4,-1,4,1,0,0,1,0,0,0,0
http://www.mymodernmet.com,TRUE,1,14,-1,0,-1,0,0,4,0,0,0,2,0,0,,,,,,,,,,,,,
http://www.virtuallythere.com,TRUE,1,12,0,0,0,0,2,1,0,1,0,0,0,0,,,,,,,,,,,,,
http://www.wholefoods.com,TRUE,2,6,-1,-1,0,0,0,0,0,0,0,0,2,0,20,0,0,0,0,0,2,0,0,0,0,0,0
http://www.legendaryfind.com,TRUE,2,5,0,0,0,0,0,0,0,1,0,0,0,0,31,0,0,0,0,0,2,0,3,0,0,0,0
http://www.rm02.net,error,,,,,,,,,,,,,,,,,,,,,,,,,,,
http://www.corvetteforum.com,TRUE,2,14,-1,-1,0,1,5,0,0,0,0,0,0,1,49,-1,0,-1,4,3,1,0,1,0,0,1,0
http://www.allfreecopycatrecipes.com,FALSE,1,11,-1,0,-1,0,0,2,0,1,0,0,0,0,,,,,,,,,,,,,
http://www.usacarry.com,error,,,,,,,,,,,,,,,,,,,,,,,,,,,
http://www.dvice.com,error,,,,,,,,,,,,,,,,,,,,,,,,,,,
http://www.curbly.com,FALSE,2,6,0,0,0,0,0,0,0,2,0,0,0,0,39,0,1,0,1,0,3,0,0,1,0,1,0
http://www.fotolia.com,FALSE,2,7,0,0,0,0,0,0,0,3,0,0,0,0,41,0,0,0,0,0,3,2,1,0,0,0,0
http://www.americanprofile.com,error,,,,,,,,,,,,,,,,,,,,,,,,,,,
http://www.scambook.com,FALSE,1,13,-1,0,-1,0,1,1,0,2,1,0,0,0,,,,,,,,,,,,,
http://www.scoop.it,TRUE,2,7,-1,0,-1,1,0,0,0,3,0,0,1,0,20,0,1,0,1,0,1,0,2,0,0,0,0
http://www.brow.si,FALSE,2,6,0,0,0,0,0,0,0,1,1,0,0,0,40,0,0,0,0,0,3,0,0,0,2,0,0
http://www.fxnetworks.com,TRUE,2,6,-1,1,-1,1,0,0,0,2,0,0,0,0,39,0,0,0,0,0,3,0,1,0,0,0,0
http://www.har.com,TRUE,2,7,0,0,0,0,0,0,0,3,0,0,0,0,20,0,0,0,0,0,2,0,0,0,0,0,0
http://www.viddy.com,FALSE,1,12,0,0,0,0,0,2,0,1,0,1,0,0,,,,,,,,,,,,,
http://www.dice.com,TRUE,1,15,-1,0,-1,0,0,4,1,2,0,0,0,0,,,,,,,,,,,,,
http://www.runescape.com,TRUE,1,14,-1,0,-1,0,0,4,0,2,0,0,0,0,,,,,,,,,,,,,
http://www.tumtiki.com,FALSE,1,12,0,0,0,0,0,2,0,0,2,0,0,0,,,,,,,,,,,,,
http://www.dolesalads.com,TRUE,1,13,-1,0,-1,0,3,0,0,2,0,0,0,0,,,,,,,,,,,,,
http://www.baseballnation.com,TRUE,1,10,-1,0,-1,0,0,1,0,1,0,0,0,0,,,,,,,,,,,,,
http://www.poetryfoundation.org,TRUE,1,12,-1,0,-1,0,0,2,0,2,0,0,0,0,,,,,,,,,,,,,
http://www.listia.com,FALSE,1,13,0,0,0,0,4,0,0,1,0,0,0,0,,,,,,,,,,,,,
http://www.televisionwithoutpity.com,TRUE,1,11,0,0,0,0,0,2,0,0,0,1,0,0,,,,,,,,,,,,,
http://www.soundboard.com,TRUE,1,11,0,0,0,0,0,2,0,1,0,0,0,0,,,,,,,,,,,,,
http://www.linkup.com,TRUE,2,6,0,0,0,0,0,0,0,2,0,0,1,0,29,1,1,1,1,0,2,0,1,0,0,0,0
http://www.courierpress.com,FALSE,1,13,-1,0,-1,0,0,2,0,1,0,2,0,0,,,,,,,,,,,,,
http://www.fotolog.com,TRUE,2,7,0,0,0,0,0,0,0,3,0,0,0,0,19,0,0,0,0,0,1,0,0,0,1,0,0
http://www.resume-now.com,TRUE,2,7,0,0,0,0,0,0,0,2,1,0,0,0,40,0,0,0,0,1,2,0,1,1,0,0,0
http://www.favim.com,TRUE,2,6,0,0,0,0,0,0,0,2,0,0,0,0,30,0,0,0,0,0,2,0,2,0,0,0,0
http://www.wayn.com,error,,,,,,,,,,,,,,,,,,,,,,,,,,,
http://www.trustpilot.com,FALSE,2,6,0,0,0,0,0,0,0,2,0,0,0,0,30,0,0,0,0,1,1,0,2,0,0,0,0
http://www.loginradius.com,TRUE,1,11,-1,0,-1,0,0,2,0,0,1,0,0,0,,,,,,,,,,,,,
http://www.psu.com,FALSE,1,11,-1,2,-1,0,1,1,0,1,0,0,1,2,,,,,,,,,,,,,
http://www.bing.net,FALSE,2,5,0,0,0,0,0,0,0,0,1,0,0,0,61,0,0,0,0,2,3,0,0,2,1,0,0
http://www.everything.org.uk,error,,,,,,,,,,,,,,,,,,,,,,,,,,,
http://www.the-top-tens.com,TRUE,1,12,-1,0,-1,0,0,2,0,2,0,0,0,0,,,,,,,,,,,,,
http://www.amctv.com,FALSE,2,7,-1,0,-1,0,0,0,0,2,1,0,0,0,20,0,1,0,1,0,2,0,0,0,0,0,0
http://www.berkleemusic.com,FALSE,2,7,0,0,0,0,0,0,0,3,0,0,0,0,49,0,0,0,0,3,1,0,0,0,1,0,0
http://www.123contactform.com,FALSE,2,6,0,0,0,0,0,0,0,2,0,0,0,0,30,0,0,0,0,0,2,1,1,0,0,0,0
http://www.christianitytoday.org,FALSE,1,15,-1,0,-1,0,0,3,0,4,0,0,0,0,,,,,,,,,,,,,
http://www.wirewax.com,TRUE,2,11,-1,0,-1,0,1,1,0,1,0,0,0,0,29,-1,0,-1,0,1,1,1,0,0,0,0,0
http://www.condo.com,FALSE,2,12,-1,0,-1,0,2,0,0,2,0,0,0,0,19,-1,1,-1,1,1,0,0,1,0,0,0,0
http://www.healthcaremagic.com,FALSE,1,15,-1,0,-1,0,2,2,0,2,1,0,0,0,,,,,,,,,,,,,
http://www.memepix.com,FALSE,2,6,0,0,0,0,0,0,0,2,0,0,0,0,20,0,0,0,0,0,1,0,2,0,0,0,0
http://www.dvidshub.net,FALSE,1,13,0,0,0,0,3,1,0,1,0,0,0,0,,,,,,,,,,,,,
http://www.alumniconnections.com,TRUE,2,6,1,1,1,1,0,0,0,2,0,0,0,0,49,0,0,0,0,0,4,0,1,0,0,0,0
http://www.indiedb.com,TRUE,1,14,-1,0,-1,0,0,3,0,2,0,1,0,0,,,,,,,,,,,,,
http://www.mynews4.com,TRUE,2,6,0,0,0,0,0,0,0,1,1,0,0,0,42,0,0,0,0,2,1,0,4,0,0,0,0
http://www.wetpaint.me,FALSE,1,7,0,0,0,0,0,0,0,1,1,1,0,0,,,,,,,,,,,,,
http://www.fitnessmagazine.com,TRUE,1,13,0,0,0,0,0,3,0,2,0,0,0,0,,,,,,,,,,,,,
http://www.rouxbe.com,FALSE,2,6,0,0,0,0,0,0,0,2,0,0,0,0,49,0,0,0,0,0,4,0,1,0,0,0,0
http://www.researchgate.net,TRUE,1,13,0,0,0,0,1,3,0,0,0,1,0,0,,,,,,,,,,,,,
http://www.theaustralian.com.au,TRUE,1,14,-1,0,-1,0,0,4,0,0,2,0,0,0,,,,,,,,,,,,,
http://www.boldride.com,TRUE,1,10,0,0,0,0,0,1,0,1,0,0,0,0,,,,,,,,,,,,,
http://www.teamcoco.com,FALSE,1,11,-1,0,-1,0,0,2,0,1,0,0,0,0,,,,,,,,,,,,,
http://www.warthunder.com,error,,,,,,,,,,,,,,,,,,,,,,,,,,,
http://www.tastebook.com,TRUE,1,12,-1,0,-1,0,1,1,0,1,0,1,0,0,,,,,,,,,,,,,
http://www.popvox.com,TRUE,2,8,0,0,0,0,0,0,0,4,0,0,0,0,39,0,0,0,0,0,3,0,1,0,0,0,0
http://www.netbargains.com,TRUE,2,6,0,0,0,0,0,0,0,2,0,0,0,0,39,0,0,0,0,3,0,0,1,0,0,0,0
http://www.yasni.info,FALSE,1,14,-1,0,-1,0,1,2,1,2,0,0,0,0,,,,,,,,,,,,,
http://www.feedbackforms.com,TRUE,1,12,-1,0,-1,0,1,1,0,2,0,0,0,0,,,,,,,,,,,,,
http://www.pressofatlanticcity.com,error,,,,,,,,,,,,,,,,,,,,,,,,,,,
http://www.tcpalm.com,FALSE,1,13,-1,0,-1,0,0,2,0,1,0,2,0,0,,,,,,,,,,,,,
http://www.room77.com,FALSE,2,14,-1,0,-1,0,1,2,0,1,1,1,0,0,41,-1,0,-1,0,1,2,0,1,1,1,0,0
http://www.dailydot.com,TRUE,1,12,-1,0,-1,0,0,2,0,0,1,1,0,0,,,,,,,,,,,,,
http://www.investingdaily.com,FALSE,2,5,0,0,2,3,0,0,0,1,0,0,0,0,40,0,0,0,0,0,3,0,1,1,0,0,0
http://www.allpoetry.com,TRUE,1,12,0,0,0,0,2,1,0,1,0,0,0,0,,,,,,,,,,,,,
http://www.traffic.com,TRUE,2,7,0,0,0,1,0,0,0,1,2,0,0,0,42,0,0,0,0,0,3,3,0,1,0,1,0
http://www.spafinder.com,TRUE,2,6,-1,-1,0,0,0,0,0,0,0,0,2,0,41,0,0,0,0,1,2,0,3,0,0,0,0
http://www.videosift.com,FALSE,1,14,-1,0,-1,0,0,3,0,3,0,0,0,0,,,,,,,,,,,,,
http://www.veteranstoday.com,TRUE,2,6,-1,0,-1,2,0,0,0,2,0,0,0,0,30,0,0,0,0,0,2,0,1,0,1,0,0
http://www.rdio.com,TRUE,2,6,0,0,1,1,0,0,0,2,0,0,0,0,10,1,1,1,1,0,1,0,0,0,0,0,0
http://www.iowastatedaily.com,TRUE,1,11,-1,0,-1,0,0,2,0,1,0,0,0,0,,,,,,,,,,,,,
http://www.sliderocket.com,TRUE,2,7,0,0,0,0,0,0,0,3,0,0,0,0,20,0,0,0,0,0,2,0,0,0,0,0,0
http://www.socialreader.com,FALSE,2,6,0,0,0,0,0,0,0,1,1,0,0,0,39,0,0,0,0,3,0,0,1,0,0,0,0
http://www.lincoln.com,FALSE,1,13,-1,0,-1,0,0,4,0,1,0,0,0,0,,,,,,,,,,,,,
http://www.sandiegoreader.com,TRUE,2,6,0,0,0,0,0,0,0,2,0,0,0,0,19,1,2,1,2,0,1,0,0,0,1,0,0
http://www.claires.com,FALSE,1,12,-1,0,-1,0,1,1,0,2,0,0,0,0,,,,,,,,,,,,,
http://www.temptalia.com,TRUE,1,14,-1,0,-1,0,1,2,0,2,0,1,0,0,,,,,,,,,,,,,
http://www.mommypage.com,TRUE,1,12,-1,0,-1,0,1,1,1,1,0,0,0,0,,,,,,,,,,,,,
http://www.guestdesk.com,TRUE,2,5,-1,2,-1,2,0,0,0,1,0,0,0,0,52,-1,0,-1,0,0,4,1,2,1,0,0,0
http://www.reporternews.com,FALSE,1,13,-1,0,-1,0,0,2,0,1,0,2,0,0,,,,,,,,,,,,,
http://www.reciperehab.com,FALSE,1,13,-1,0,-1,0,0,3,0,2,0,0,0,0,,,,,,,,,,,,,
http://www.sweetjack.com,TRUE,1,10,-1,0,-1,0,1,0,0,1,0,0,0,0,,,,,,,,,,,,,
http://www.photosnack.com,FALSE,2,7,0,0,0,0,0,0,0,1,2,0,0,0,40,0,0,0,0,0,3,0,1,0,1,0,0
http://www.doubletakedeals.com,TRUE,1,16,-1,0,-1,0,1,2,0,4,0,1,0,0,,,,,,,,,,,,,
http://www.grubhub.com,FALSE,2,8,0,0,0,0,0,0,0,2,2,0,0,0,73,0,0,0,0,0,6,0,3,2,0,0,0
http://www.votifi.com,FALSE,1,10,0,0,0,0,1,0,0,0,0,1,0,0,,,,,,,,,,,,,
http://www.find.ly,TRUE,2,6,0,0,0,0,0,0,0,0,2,0,0,0,29,0,0,0,0,0,2,0,1,0,0,0,0
http://www.intheyard.org,TRUE,1,999,-1,-1,-1,-1,NA,NA,NA,NA,NA,NA,NA,NA,,,,,,,,,,,,,
http://www.vtourist.com,TRUE,2,6,0,0,0,0,0,0,0,0,2,0,0,0,51,0,0,0,0,2,2,1,1,1,0,0,0
http://www.heraldextra.com,TRUE,2,10,-1,0,-1,0,1,0,0,0,0,1,0,0,19,-1,2,-1,2,1,0,0,1,0,0,0,0
http://www.bismarcktribune.com,TRUE,2,10,-1,0,-1,0,1,0,0,0,0,1,0,0,19,-1,3,-1,3,1,0,0,1,0,0,0,0
http://www.wcfcourier.com,TRUE,1,10,-1,1,-1,1,1,0,0,1,0,0,0,0,,,,,,,,,,,,,
http://www.kraftbrands.com,TRUE,2,10,0,0,0,0,0,0,0,1,5,0,0,0,41,0,1,0,1,1,2,0,1,2,0,0,0
http://www.siouxcityjournal.com,error,,,,,,,,,,,,,,,,,,,,,,,,,,,
http://www.wpxi.com,error,,,,,,,,,,,,,,,,,,,,,,,,,,,
http://www.gamescanvas.com,error,,,,,,,,,,,,,,,,,,,,,,,,,,,
http://www.nextissue.com,TRUE,2,5,0,1,0,1,0,0,0,0,1,0,0,0,51,-1,0,-1,0,1,3,0,0,1,2,0,0
http://www.ancestry.co.uk,TRUE,2,15,0,0,0,0,1,1,0,2,3,0,0,0,39,-1,1,-1,1,3,0,0,0,1,0,0,0
http://www.clatl.com,FALSE,2,6,0,0,0,0,0,0,0,2,0,0,0,0,30,0,2,0,2,1,1,0,2,0,0,0,0
http://www.terra.es,FALSE,1,12,0,0,0,0,1,2,0,1,0,0,0,0,,,,,,,,,,,,,
http://www.myajc.com,FALSE,2,14,-1,0,-1,0,0,0,0,0,10,0,0,0,10,-1,2,-1,2,0,1,0,0,0,0,0,0
http://www.cougarlife.com,TRUE,2,6,0,0,0,0,0,0,0,2,0,0,0,0,10,1,2,1,2,0,1,0,0,0,0,0,0
http://www.tripadvisor.ca,FALSE,1,12,0,0,0,0,0,3,0,1,0,0,0,0,,,,,,,,,,,,,
http://www.download.com,TRUE,2,8,0,0,0,0,0,0,0,4,0,0,0,0,40,0,0,0,0,0,3,0,2,0,0,0,0
http://www.keek.com,FALSE,1,13,0,0,0,0,0,3,0,1,0,1,0,0,,,,,,,,,,,,,
http://www.mkt32.net,error,,,,,,,,,,,,,,,,,,,,,,,,,,,
http://www.gdgt.com,error,,,,,,,,,,,,,,,,,,,,,,,,,,,
http://www.livecareer.com,TRUE,2,6,0,0,0,0,0,0,0,0,2,0,0,0,40,0,0,0,0,1,2,0,1,1,0,0,0
http://www.volunteermatch.org,FALSE,1,13,0,0,0,0,0,2,1,1,0,1,0,0,,,,,,,,,,,,,
http://www.hotnewhiphop.com,FALSE,1,10,-1,0,-1,0,0,1,0,1,0,0,0,0,,,,,,,,,,,,,
http://www.sittercity.com,error,,,,,,,,,,,,,,,,,,,,,,,,,,,
http://www.wvec.com,FALSE,2,6,0,0,0,0,0,0,0,1,1,0,0,0,30,0,1,0,1,0,2,0,1,1,0,0,0
http://www.trove.com,FALSE,2,6,0,0,0,0,0,0,0,1,1,0,0,0,39,0,0,0,0,3,0,0,1,0,0,0,0
http://www.fab.com,TRUE,1,12,-1,0,-1,0,2,1,0,1,0,0,0,0,,,,,,,,,,,,,
http://www.recycler.com,TRUE,2,5,0,11,0,0,0,0,0,1,0,0,2,0,30,0,0,0,0,1,1,1,1,0,0,1,0
http://www.inmagine.com,TRUE,2,6,0,0,0,0,0,0,0,1,1,0,0,0,20,0,0,0,0,1,1,0,0,0,0,0,0
http://www.wolframalpha.com,TRUE,2,7,0,0,0,0,0,0,1,0,2,0,0,0,53,0,0,0,0,1,3,0,4,1,0,0,0
http://www.novica.com,FALSE,2,6,0,0,0,0,0,0,0,1,1,0,0,0,40,0,0,0,0,0,3,0,2,0,0,0,0
http://www.poststar.com,TRUE,1,10,-1,1,-1,1,1,0,0,1,0,0,0,0,,,,,,,,,,,,,
http://www.business-standard.com,error,,,,,,,,,,,,,,,,,,,,,,,,,,,
http://www.duncanhines.com,FALSE,1,14,-1,0,-1,0,2,1,0,3,0,0,0,0,,,,,,,,,,,,,
http://www.journeys.com,FALSE,1,12,-1,0,-1,0,0,3,0,1,0,0,0,0,,,,,,,,,,,,,
http://www.flipora.com,FALSE,1,12,0,0,0,0,0,2,0,1,1,0,0,0,,,,,,,,,,,,,
http://www.patriotaction.net,TRUE,1,14,0,0,0,0,0,4,0,0,0,2,0,0,,,,,,,,,,,,,
http://www.realtidbits.com,error,,,,,,,,,,,,,,,,,,,,,,,,,,,
http://www.bassresource.com,TRUE,2,7,0,0,0,0,0,0,0,3,0,0,0,1,30,0,0,0,1,0,2,0,2,0,0,0,1
http://www.desura.com,TRUE,2,7,0,0,0,0,0,0,0,1,2,0,0,0,29,0,0,0,0,0,2,0,1,0,0,0,0
http://www.threadless.com,FALSE,1,10,-1,0,-1,0,0,1,0,1,0,0,0,0,,,,,,,,,,,,,
http://www.wowway.net,FALSE,1,11,-1,0,-1,0,1,1,0,0,0,1,0,0,,,,,,,,,,,,,
http://www.mobile9.com,FALSE,2,6,0,0,0,0,0,0,0,2,0,0,0,0,30,1,1,1,1,1,1,1,0,0,1,0,0
http://www.fredericknewspost.com,TRUE,1,11,-1,0,-1,0,0,2,0,1,0,0,0,0,,,,,,,,,,,,,
http://www.ticketweb.com,TRUE,2,11,-1,3,-1,0,0,2,0,1,0,0,2,0,39,-1,1,-1,1,2,1,0,1,0,0,0,0
http://www.avgthreatlabs.com,FALSE,2,6,0,1,0,1,0,0,0,2,0,0,0,0,41,0,1,0,1,0,3,2,1,0,0,0,0
http://www.ubi.com,TRUE,2,6,0,0,1,1,0,0,0,1,1,0,0,0,51,0,0,0,0,1,3,1,0,0,2,0,0
http://www.ipoll.com,FALSE,1,12,0,1,0,1,0,3,0,1,0,0,0,0,,,,,,,,,,,,,
http://www.svpply.com,FALSE,2,6,0,0,0,0,0,0,0,2,0,0,0,0,40,0,0,0,0,0,3,1,0,0,1,1,0
http://www.hickoryrecord.com,TRUE,1,11,-1,0,-1,0,0,2,0,1,0,0,0,0,,,,,,,,,,,,,
http://www.news-leader.com,FALSE,1,14,-1,0,-1,0,0,2,0,4,0,0,0,0,,,,,,,,,,,,,
http://www.k12jobspot.com,FALSE,2,8,0,0,0,0,0,0,0,4,0,0,0,0,20,0,0,0,0,0,1,0,2,0,0,0,0
http://www.sho.com,FALSE,2,7,0,0,0,0,0,0,0,3,0,0,0,0,20,0,0,0,0,0,2,0,0,0,0,0,0
http://www.skyrock.com,TRUE,1,16,0,0,0,0,2,2,0,0,0,4,0,0,,,,,,,,,,,,,
http://www.silk.com,FALSE,1,13,-1,0,-1,0,2,1,0,2,0,0,0,0,,,,,,,,,,,,,
http://www.govtrack.us,TRUE,2,6,0,0,0,0,0,0,0,2,0,0,0,0,39,0,0,0,0,0,3,0,1,0,0,0,0
http://www.viewbix.com,error,,,,,,,,,,,,,,,,,,,,,,,,,,,
http://www.paper.li,FALSE,2,5,0,0,0,0,0,0,0,0,1,0,0,0,20,0,0,0,0,0,2,0,0,0,0,0,0
http://www.newyorktimes.com,FALSE,1,10,-1,0,-1,0,1,0,0,1,0,0,0,0,,,,,,,,,,,,,
http://www.stocktwits.com,TRUE,1,13,0,0,0,0,0,4,0,0,0,1,0,0,,,,,,,,,,,,,
http://www.techhive.com,FALSE,2,6,0,0,0,0,0,0,0,1,1,0,0,0,39,1,1,1,1,0,3,0,1,0,0,0,0
http://www.freepeople.com,TRUE,2,5,-1,0,-1,0,0,0,0,1,0,0,0,0,31,0,0,0,0,1,1,0,3,0,0,0,0
http://www.tout.com,FALSE,2,7,0,0,0,0,0,0,0,2,1,0,0,0,52,0,0,0,0,0,4,0,2,2,0,0,0
http://www.streetfire.net,TRUE,2,7,-1,0,-1,0,0,0,0,3,0,0,0,0,20,0,0,0,0,0,2,0,0,0,0,0,0
http://www.teennick.com,FALSE,1,10,-1,0,-1,0,0,1,0,1,0,0,0,0,,,,,,,,,,,,,
http://www.animalowners.com,FALSE,2,7,0,0,0,0,0,0,0,3,0,0,0,0,39,-1,0,-1,0,3,0,0,1,0,0,0,0
http://www.trib.com,TRUE,1,10,-1,1,-1,1,1,0,0,1,0,0,0,0,,,,,,,,,,,,,
http://www.kraftfirsttaste.com,TRUE,2,10,0,0,0,0,0,0,0,1,5,0,0,0,41,0,1,0,1,1,2,0,1,2,0,0,0
http://www.streetadvisor.com,FALSE,2,6,-1,4,-1,0,0,0,0,0,2,0,3,0,40,-1,0,-1,0,0,4,0,0,0,0,0,0
http://www.pennysaverusa.com,FALSE,2,16,-1,0,-1,0,4,12,0,0,0,0,0,0,52,-1,0,-1,0,2,2,0,4,0,0,0,0
http://www.themetapicture.com,error,,,,,,,,,,,,,,,,,,,,,,,,,,,
http://www.loveagain.com,FALSE,1,12,0,0,0,0,2,1,0,0,0,1,0,0,,,,,,,,,,,,,
http://www.perfectmatch.com,TRUE,2,6,0,0,0,0,0,0,0,2,0,0,0,0,21,-1,1,-1,1,1,0,0,3,0,0,0,0
http://www.espnfc.com,FALSE,1,11,0,0,0,0,0,2,0,0,0,1,0,0,,,,,,,,,,,,,
http://www.8coupons.com,error,,,,,,,,,,,,,,,,,,,,,,,,,,,
http://www.crash.net,TRUE,1,11,0,0,0,0,1,0,0,2,0,0,0,0,,,,,,,,,,,,,
http://www.eshakti.com,error,,,,,,,,,,,,,,,,,,,,,,,,,,,
http://www.mcnhub.com,FALSE,2,5,-1,3,-1,0,0,0,0,0,1,0,1,0,20,-1,0,-1,0,0,2,0,0,0,0,0,0
http://www.sharemyplaylists.com,FALSE,1,16,-1,0,-1,0,0,5,0,3,0,0,0,0,,,,,,,,,,,,,
http://www.cuisinart.com,FALSE,2,6,0,0,1,1,0,0,0,2,0,0,0,0,999,-1,-1,-1,-1,NA,NA,NA,NA,NA,NA,NA,NA
http://www.nature.org,error,,,,,,,,,,,,,,,,,,,,,,,,,,,
http://www.flipsnack.com,FALSE,2,7,0,0,0,0,0,0,0,1,2,0,0,0,40,0,0,0,0,0,3,0,1,0,1,0,0
http://www.uniqlo.com,TRUE,2,5,-1,-1,-1,2,0,0,0,0,0,0,1,0,29,0,1,0,1,1,1,0,1,0,0,0,0
http://www.shiftgig.com,FALSE,1,15,-1,0,-1,0,1,2,2,0,0,2,0,0,,,,,,,,,,,,,
http://www.prankdial.com,error,,,,,,,,,,,,,,,,,,,,,,,,,,,
http://www.classifieds1000.com,error,,,,,,,,,,,,,,,,,,,,,,,,,,,
http://www.hometalk.com,FALSE,1,16,0,0,0,0,3,2,0,2,1,0,0,0,,,,,,,,,,,,,
http://www.date.com,FALSE,2,6,0,0,0,0,0,0,0,2,0,0,0,0,999,-1,-1,-1,-1,NA,NA,NA,NA,NA,NA,NA,NA
http://www.axs.com,FALSE,1,15,-1,0,-1,0,2,2,0,1,2,0,0,0,,,,,,,,,,,,,
http://www.mapmyrun.com,FALSE,1,15,0,0,0,0,0,5,2,0,0,0,0,0,,,,,,,,,,,,,
http://www.allfreecrochetafghanpatterns.com,FALSE,1,11,-1,0,-1,0,0,2,0,1,0,0,0,0,,,,,,,,,,,,,
http://www.dailymakeover.com,TRUE,2,7,0,0,0,0,0,0,0,3,0,0,1,0,51,-1,0,-1,0,3,1,1,2,0,0,1,0
http://www.thekrazycouponlady.com,TRUE,2,5,-1,4,-1,1,0,0,0,1,0,0,1,0,29,5,5,5,5,1,1,0,1,0,0,0,0
http://www.food52.com,FALSE,1,11,-1,0,-1,0,0,2,0,1,0,0,0,0,,,,,,,,,,,,,
http://www.kens5.com,FALSE,2,6,0,0,0,0,0,0,0,1,1,0,0,0,30,0,1,0,1,0,2,0,1,1,0,0,0
http://www.taylorswift.com,TRUE,2,6,-1,0,-1,1,0,0,0,2,0,0,0,0,40,0,0,0,0,0,3,1,0,1,0,0,0
http://www.seatguru.com,FALSE,1,12,0,0,0,0,0,2,0,1,1,0,0,0,,,,,,,,,,,,,
http://www.news24.com,FALSE,1,14,-1,0,-1,0,0,3,0,3,0,0,2,0,,,,,,,,,,,,,
http://www.startwire.com,FALSE,2,6,0,0,0,0,0,0,0,2,0,0,0,0,29,0,0,0,0,0,2,0,0,0,1,0,0
http://www.urbandecay.com,FALSE,2,7,0,1,0,1,0,0,0,1,2,0,1,0,999,-1,-1,-1,-1,NA,NA,NA,NA,NA,NA,NA,NA
http://www.seizethedeal.com,error,,,,,,,,,,,,,,,,,,,,,,,,,,,
http://www.flickr.com,FALSE,2,5,2,2,2,3,0,0,0,0,1,0,0,0,44,0,0,0,0,1,2,0,2,4,0,0,0
http://www.justfab.com,error,,,,,,,,,,,,,,,,,,,,,,,,,,,
http://www.active.com,error,,,,,,,,,,,,,,,,,,,,,,,,,,,
http://www.madmimi.com,error,,,,,,,,,,,,,,,,,,,,,,,,,,,
http://www.liquor.com,TRUE,1,999,-1,-1,-1,-1,NA,NA,NA,NA,NA,NA,NA,NA,,,,,,,,,,,,,
http://www.likes.com,FALSE,1,10,-1,0,-1,0,0,1,0,0,1,0,0,0,,,,,,,,,,,,,
http://www.yellowpages.ca,error,,,,,,,,,,,,,,,,,,,,,,,,,,,
http://www.marvel.com,error,,,,,,,,,,,,,,,,,,,,,,,,,,,
http://www.archdaily.com,TRUE,1,11,-1,1,-1,1,0,2,0,1,0,0,0,0,,,,,,,,,,,,,
http://www.chewonit.com,FALSE,2,7,0,0,0,0,0,0,0,3,0,0,0,0,39,0,0,0,0,3,0,0,1,0,0,0,0
