Rank,Site URL,token vul,secret vul,signed_request vul,referrer vul,DOM vul, SDK used, social plugin used
7,http://www.pinterest.com,1,1,1,1,1,0,0
8,http://www.yahoo.com,1,1,1,1,1,0,0
9,http://www.bing.com,1,1,1,1,1,0,0
12,http://www.huffingtonpost.com,1,1,1,1,1,1,0
15,http://www.answers.com,-1,1,1,1,1,0,0
16,http://www.ehow.com,1,1,-1,1,1,1,0
20,http://www.ask.com,1,1,1,1,1,0,0
25,http://www.comcast.net,12,1,12,1,1,1,0
32,http://www.wikia.com,1,1,1,1,1,1,0
33,http://www.whitepages.com,1,1,1,1,1,0,0
36,http://www.nytimes.com,-1,1,-1,1,1,1,0
38,http://www.buzzfeed.com,1,1,-1,1,1,1,0
40,http://www.yellowpages.com,1,1,1,1,1,0,0
41,http://www.vimeo.com,1,1,1,1,1,0,0
44,http://www.imdb.com,1,1,1,1,1,0,0
45,http://www.nydailynews.com,16,1,16,1,1,0,0
50,http://www.imgur.com,1,1,1,1,1,0,0
51,http://www.reference.com,1,1,1,1,1,0,0
53,http://www.mapquest.com,1,1,-1,1,1,0,1
59,http://www.ancestry.com,-1,1,-1,1,1,1,0
60,http://www.photobucket.com,1,1,1,1,1,0,0
68,http://www.msnbc.com,1,1,1,1,1,1,0
70,http://www.cnet.com,1,1,1,1,1,0,0
72,http://www.hulu.com,1,1,1,1,1,1,0
74,http://www.mlb.com,1,1,1,1,1,0,0
78,http://www.flickr.com,1,1,1,1,1,0,0
81,http://www.goodreads.com,1,1,1,1,1,1,0
83,http://www.fandango.com,1,1,-1,1,1,1,0
84,http://www.wunderground.com,22,1,22,1,1,1,0
91,http://www.tripadvisor.com,1,1,1,1,1,1,0
96,http://www.thepostgame.com,1,1,-1,1,1,1,0
97,http://www.netflix.com,12,1,12,1,1,1,0
99,http://www.zillow.com,1,1,-1,1,1,1,0
103,http://www.break.com,-1,1,-1,1,1,1,0
108,http://www.etsy.com,1,1,1,1,1,1,0
113,http://www.4shared.com,1,1,1,1,1,0,0
114,http://www.edmunds.com,1,1,1,1,1,0,0
115,http://www.sbnation.com,1,1,1,1,1,0,0
118,http://www.squidoo.com,1,1,1,1,1,1,0
119,http://www.today.com,1,1,1,1,1,1,0
121,http://www.stackexchange.com,1,1,1,1,1,0,0
122,http://www.expedia.com,1,1,-1,1,1,1,0
123,http://www.collegehumor.com,11,1,11,1,1,1,0
124,http://www.gawker.com,1,1,1,1,1,0,0
127,http://www.livestrong.com,1,1,1,1,1,1,0
129,http://www.newsvine.com,1,1,1,1,1,1,0
130,http://www.skype.com,1,1,1,-1,1,0,0
134,http://www.rottentomatoes.com,1,1,-1,1,1,1,0
136,http://www.careerbuilder.com,1,1,1,1,1,0,0
139,http://www.thesaurus.com,1,1,1,1,1,0,0
144,http://www.wsj.com,1,1,1,1,1,0,0
147,http://www.wikihow.com,1,1,-1,1,1,1,0
149,http://www.shopping.com,1,1,-1,1,1,0,1
152,http://www.reuters.com,1,1,1,1,1,0,0
153,http://www.tvguide.com,1,1,1,1,1,0,0
155,http://www.myspace.com,1,1,1,1,1,0,0
156,http://www.lifehacker.com,1,1,1,1,1,0,0
157,http://www.stackoverflow.com,1,1,1,1,1,0,0
158,http://www.rapgenius.com,1,1,1,1,1,0,0
161,http://www.zimbio.com,-1,1,-1,1,1,1,0
163,http://www.cbssports.com,1,1,1,1,1,0,0
167,http://www.indeed.com,1,1,1,1,1,0,0
172,http://www.typepad.com,20,1,20,1,1,0,1
174,http://www.instructables.com,-1,1,-1,1,1,1,0
178,http://www.tomshardware.com,16,1,16,1,1,0,0
180,http://www.trulia.com,1,1,1,1,1,1,0
181,http://www.eventful.com,-1,1,1,1,1,1,0
186,http://www.scribd.com,1,1,1,1,1,1,0
188,http://www.moviefone.com,1,1,1,1,1,0,0
191,http://www.wayfair.com,-1,1,-1,1,1,1,0
196,http://www.nationalgeographic.com,1,1,1,1,1,0,0
197,http://www.gizmodo.com,1,1,1,1,1,0,0
199,http://www.autotrader.com,1,1,1,1,1,0,0
206,http://www.dailymail.co.uk,1,1,1,-1,-1,0,0
214,http://www.glassdoor.com,-1,1,-1,1,1,1,0
219,http://www.viewster.com,-1,1,-1,1,1,1,0
221,http://www.wix.com,1,1,1,1,1,0,0
223,http://www.zap2it.com,1,1,1,1,1,0,0
226,http://www.liveleak.com,1,1,1,1,1,0,0
231,http://www.wattpad.com,1,1,-1,1,1,1,0
234,http://www.investopedia.com,1,1,1,1,1,0,0
237,http://www.alibaba.com,1,1,1,1,1,0,0
240,http://www.metacafe.com,1,1,-1,1,1,1,0
241,http://www.angieslist.com,1,1,1,1,1,0,0
242,http://www.123greetings.com,1,1,1,1,1,0,0
244,http://www.androidcentral.com,1,1,1,1,1,0,0
247,http://www.nj.com,1,1,1,1,1,0,0
252,http://www.retailmenot.com,-1,1,1,1,1,0,0
253,http://www.barackobama.com,1,1,1,1,1,1,0
254,http://www.townhall.com,-1,1,-1,1,1,1,0
257,http://www.kickstarter.com,20,1,20,1,1,1,0
258,http://www.thechive.com,1,1,1,1,1,0,0
260,http://www.everydayhealth.com,1,1,1,1,1,0,0
262,http://www.travelzoo.com,1,1,1,1,1,0,0
264,http://www.softonic.com,1,1,1,1,1,1,0
265,http://www.spokeo.com,1,1,1,1,1,0,0
268,http://www.timeanddate.com,1,1,1,1,1,0,0
271,http://www.usatoday.com,1,1,-1,1,1,1,0
273,http://www.salon.com,1,1,1,1,1,0,0
277,http://www.quizlet.com,1,1,1,1,1,0,0
278,http://www.microsofttranslator.com,1,1,1,1,1,0,0
280,http://www.cbs.com,1,1,1,1,1,0,0
281,http://www.urbanspoon.com,1,1,1,1,1,1,0
283,http://www.aarp.org,1,1,1,1,1,0,0
288,http://www.rr.com,1,1,1,1,1,0,0
290,http://www.cheezburger.com,1,1,1,1,1,1,0
291,http://www.realsimple.com,1,1,1,1,1,0,0
292,http://www.docstoc.com,1,1,1,1,1,1,0
297,http://www.charter.net,1,1,1,1,1,1,0
301,http://www.io9.com,1,1,1,1,1,0,0
303,http://www.jezebel.com,1,1,1,1,1,0,0
308,http://www.slideshare.net,-1,1,-1,1,1,1,0
309,http://www.caringbridge.org,1,1,1,1,1,0,0
310,http://www.videobash.com,1,1,-1,1,1,1,0
312,http://www.causes.com,1,1,1,1,1,1,0
314,http://www.deadspin.com,1,1,1,1,1,0,0
315,http://www.kotaku.com,1,1,1,1,1,0,0
316,http://www.twitch.tv,1,1,1,1,1,0,0
318,http://www.foxbusiness.com,1,1,1,1,1,0,0
319,http://www.npr.org,13,1,13,1,1,0,0
320,http://www.pogo.com,1,1,1,1,1,0,1
323,http://www.starpulse.com,1,1,1,1,1,0,1
328,http://www.chicagotribune.com,1,1,1,1,1,0,0
330,http://www.oprah.com,1,1,1,1,1,0,0
332,http://www.officedepot.com,23,1,23,1,1,0,0
333,http://www.lyricsmode.com,1,1,1,1,1,0,0
334,http://www.christianpost.com,1,1,1,1,1,0,0
341,http://www.theverge.com,1,1,1,1,1,0,0
345,http://www.tagged.com,1,1,1,1,1,1,0
355,http://www.myrecipes.com,1,1,1,1,1,0,0
364,http://www.stylebistro.com,-1,1,-1,1,1,1,0
365,http://www.cafepress.com,-1,1,-1,1,1,1,0
367,http://www.zulily.com,1,1,1,1,1,1,0
368,http://www.apartmenttherapy.com,1,1,1,1,1,0,0
371,http://www.thekitchn.com,1,1,1,1,1,0,0
374,http://www.dictionary.com,1,1,1,1,1,0,0
375,http://www.funnyordie.com,-1,1,-1,1,1,1,0
378,http://www.bright.com,12,12,12,12,12,1,0
382,http://www.doctoroz.com,1,1,1,1,1,0,0
383,http://www.indiatimes.com,1,1,1,1,1,0,0
400,http://www.hotels.com,1,1,1,1,1,0,0
403,http://www.meetme.com,1,1,1,1,1,1,0
407,http://www.meetup.com,1,1,1,1,1,1,0
413,http://www.citysearch.com,1,1,1,1,1,0,0
416,http://www.ranker.com,1,1,1,1,1,0,0
417,http://www.mlive.com,1,1,1,1,1,0,0
418,http://www.biography.com,1,1,1,1,1,0,0
438,http://www.boston.com,3,1,3,1,1,1,0
440,http://www.tv.com,-1,1,-1,1,1,1,0
441,http://www.ovguide.com,1,1,1,1,1,1,0
442,http://www.zynga.com,22,1,22,1,1,1,0
443,http://www.comedycentral.com,1,1,1,1,1,1,0
448,http://www.hgtv.com,-1,1,-1,1,1,1,0
452,http://www.popsugar.com,-1,1,-1,1,1,1,0
453,http://www.redorbit.com,1,1,1,1,1,0,0
464,http://www.doodle.com,1,1,1,1,1,0,0
476,http://www.imageshack.us,-1,1,-1,1,1,1,0
483,http://www.tunein.com,23,1,23,1,1,0,0
484,http://www.sidereel.com,1,1,1,1,1,0,0
496,http://www.al.com,1,1,1,1,1,0,0
501,http://www.mycokerewards.com,11,1,11,1,1,0,0
504,http://www.justfab.com,12,1,12,1,1,0,0
505,http://www.doityourself.com,1,1,1,1,1,1,0
509,http://www.nfl.com,1,1,1,1,1,0,0
510,http://www.policymic.com,1,1,1,1,1,1,0
512,http://www.mashable.com,1,1,1,1,1,0,0
515,http://www.eatingwell.com,1,1,1,1,1,1,0
520,http://www.hitfix.com,1,1,1,1,1,0,0
521,http://www.smarter.com,1,1,1,1,1,0,1
522,http://www.nascar.com,1,1,1,1,1,0,0
525,http://www.superuser.com,1,1,1,1,1,0,0
532,http://www.123rf.com,1,1,1,1,1,0,0
534,http://www.stltoday.com,11,1,11,-1,-1,0,0
535,http://www.nhl.com,1,1,1,1,1,0,0
537,http://www.hsn.com,1,1,1,1,1,0,0
542,http://www.ivillage.com,1,1,1,1,1,0,0
544,http://www.kayak.com,1,1,-1,1,1,1,0
545,http://www.salsalabs.com,1,1,1,1,1,0,0
556,http://www.ebaumsworld.com,22,1,22,1,1,1,0
564,http://www.businessinsider.com,1,1,-1,1,1,1,0
571,http://www.cleveland.com,1,1,1,1,1,0,0
584,http://www.iplay.com,1,1,1,1,1,0,0
587,http://www.bradsdeals.com,-1,1,-1,1,1,1,0
592,http://www.celebuzz.com,-1,1,-1,1,1,1,0
594,http://www.vrbo.com,-1,1,-1,1,1,1,0
596,http://www.findthebest.com,-1,1,-1,1,1,1,0
603,http://www.ioffer.com,1,1,1,1,1,0,1
607,http://www.answerbag.com,1,1,1,1,1,1,0
616,http://www.ftd.com,-1,1,-1,1,1,1,0
621,http://www.imvu.com,1,1,1,1,1,0,0
624,http://www.jalopnik.com,1,1,1,1,1,0,0
631,http://www.soft32.com,1,1,1,1,1,0,0
637,http://www.buzznet.com,22,1,22,1,1,1,0
642,http://www.tributes.com,1,1,1,1,1,0,1
649,http://www.philly.com,12,1,12,1,1,1,1
653,http://www.hallmark.com,1,1,1,1,-1,0,0
661,http://www.weddingwire.com,1,1,-1,1,1,1,0
663,http://www.reverbnation.com,22,1,22,1,1,1,0
670,http://www.starbucks.com,1,1,1,1,1,1,0
671,http://www.ajc.com,1,1,1,1,1,0,0
675,http://www.shopstyle.com,-1,1,-1,1,1,1,0
685,http://www.cbc.ca,20,1,20,1,1,1,0
687,http://www.ultimate-guitar.com,1,1,1,1,1,0,0
705,http://www.fodors.com,1,1,1,1,-1,1,0
716,http://www.economist.com,1,1,1,1,1,0,0
720,http://www.cargurus.com,-1,1,1,-1,1,0,0
750,http://www.allmusic.com,1,1,1,1,1,0,0
774,http://www.homeaway.com,-1,1,-1,1,1,1,0
778,http://www.bravotv.com,1,1,1,1,1,0,0
781,http://www.newser.com,12,1,12,1,1,1,0
786,http://www.howaboutwe.com,3,1,3,1,1,1,0
793,http://www.independentlivingnews.com,1,1,1,1,1,0,0
798,http://www.expotv.com,1,1,-1,1,1,1,0
800,http://www.education.com,1,1,1,1,1,1,0
805,http://www.popularmechanics.com,1,1,1,1,1,1,0
808,http://www.redfin.com,1,1,-1,1,1,1,0
812,http://www.gamezone.com,1,1,1,1,1,0,0
815,http://www.active.com,1,1,1,1,1,1,0
817,http://www.madmimi.com,1,1,1,-1,1,0,0
819,http://www.gsmarena.com,1,1,1,1,1,0,0
822,http://www.smosh.com,1,1,1,1,1,0,0
828,http://www.wiredforchange.com,1,1,1,1,1,0,0
831,http://www.coupons.com,-1,1,-1,1,1,1,0
833,http://www.sparkpeople.com,11,1,11,1,1,0,1
840,http://www.yousendit.com,1,1,1,-1,1,0,0
843,http://www.news.com,1,1,1,1,1,0,0
844,http://www.zdnet.com,1,1,1,1,1,0,0
851,http://www.someecards.com,1,1,1,1,1,1,0
853,http://www.become.com,1,1,1,1,1,0,0
854,http://www.arcadeweb.com,15,1,15,1,1,0,0
856,http://www.wonderhowto.com,1,1,1,1,1,0,0
857,http://www.myvoicenation.com,1,1,1,-1,1,0,0
866,http://www.polygon.com,1,1,1,1,1,0,0
867,http://www.sharecare.com,22,1,22,1,1,0,0
869,http://www.change.org,1,1,1,1,1,1,0
875,http://www.bufferapp.com,1,1,1,1,1,0,0
884,http://www.jossandmain.com,-1,1,-1,1,1,1,0
888,http://www.radaris.com,1,1,1,1,1,0,0
898,http://www.nbclosangeles.com,1,1,1,1,1,0,0
900,http://www.tiqiq.com,-1,1,-1,1,1,1,0
902,http://www.popularscreensavers.com,-1,1,-1,1,1,0,1
906,http://www.manualsonline.com,1,1,1,1,1,0,0
918,http://www.crackle.com,-1,1,-1,1,1,1,0
924,http://www.msedge.net,1,1,1,1,1,0,0
929,http://www.icontact.com,1,1,1,1,1,0,0
947,http://www.shopyourway.com,1,1,1,1,1,1,0
949,http://www.homeadvisor.com,1,1,1,1,1,0,0
959,http://www.storify.com,11,1,11,1,1,0,0
960,http://www.corporationwiki.com,1,1,1,1,1,0,0
962,http://www.motortrend.com,1,1,1,1,1,0,0
963,http://www.wanttt.com,1,1,1,1,1,0,0
965,http://www.lumosity.com,1,1,1,1,1,1,0
975,http://www.maxpreps.com,1,1,1,1,1,0,0
979,http://www.ted.com,1,1,1,1,1,0,0
980,http://www.ymail.com,1,1,1,1,1,0,0
982,http://www.dermstore.com,1,1,1,1,1,1,0
996,http://www.coupons.net,-1,1,-1,1,1,1,0
1001,http://www.seniorfriendfinder.com,23,1,23,1,1,0,1
1003,http://www.academia.edu,13,1,13,1,1,1,0
1004,http://www.foxsports.com,1,1,1,1,1,0,0
1014,http://www.baby-gaga.com,24,1,24,1,1,1,0
1023,http://www.saturday.com,1,1,1,1,1,0,0
1026,http://www.democrats.org,1,1,1,1,1,0,0
1028,http://www.imore.com,1,1,1,1,1,0,0
1032,http://www.alexa.com,1,1,1,1,1,1,0
1033,http://www.sun-sentinel.com,1,1,1,1,1,0,0
1034,http://www.apartmentguide.com,1,1,1,1,1,0,0
1036,http://www.refinery29.com,1,1,1,1,1,0,0
1037,http://www.asus.com,1,1,1,1,1,0,0
1042,http://www.justin.tv,11,1,11,1,1,1,0
1055,http://www.c-spanarchives.org,1,1,1,-1,1,0,0
1056,http://www.techspot.com,1,1,1,1,1,0,0
1058,http://www.avclub.com,23,1,23,1,1,1,0
1063,http://www.davesgarden.com,12,1,12,1,1,1,0
1064,http://www.wwe.com,24,1,24,1,1,0,0
1068,http://www.circleofmoms.com,1,1,1,1,1,1,0
1096,http://www.godtube.com,1,1,1,1,1,0,0
1112,http://www.aliexpress.com,1,1,1,1,1,0,0
1121,http://www.lonny.com,-1,1,-1,1,1,1,0
1127,http://www.globalpost.com,1,1,1,1,1,0,0
1134,http://www.clipix.com,1,1,1,1,1,0,0
1137,http://www.woobox.com,1,1,1,1,1,0,0
1140,http://www.movoto.com,16,1,16,1,1,1,0
1145,http://www.pissedconsumer.com,1,1,1,1,1,0,0
1165,http://www.easybib.com,16,1,16,1,1,0,0
1188,http://www.stubhub.com,1,1,-1,1,1,1,0
1192,http://www.techbargains.com,-1,1,-1,1,1,1,0
1196,http://www.independent.co.uk,1,1,1,1,1,0,1
1208,http://www.yellowbook.com,1,1,1,1,1,0,0
1215,http://www.art.com,1,1,1,1,1,0,0
1225,http://www.dexknows.com,1,1,1,1,1,0,0
1231,http://www.garmin.com,1,1,1,1,1,0,0
1236,http://www.meijer.com,22,1,22,1,1,0,1
1239,http://www.guitarcenter.com,1,1,1,1,1,0,0
1240,http://www.cheaptickets.com,1,1,1,1,1,0,0
1243,http://www.telldc.com,3,1,3,1,1,0,1
1244,http://www.dealspl.us,23,1,23,1,1,0,0
1249,http://www.bizjournals.com,1,1,1,1,1,0,0
1251,http://www.majorleaguegaming.com,1,1,1,1,1,0,0
1253,http://www.caranddriver.com,1,1,1,1,1,0,0
1258,http://www.scientificamerican.com,1,1,1,1,1,0,0
1280,http://www.gourmetrecipe.com,11,1,11,1,1,0,0
1302,http://www.myfitnesspal.com,22,1,22,1,1,1,0
1304,http://www.jokeroo.com,15,1,15,1,1,1,0
1308,http://www.cancer.org,1,1,1,1,1,1,0
1315,http://www.orlandosentinel.com,1,1,1,1,1,0,0
1319,http://www.lonelyplanet.com,15,1,15,1,1,0,0
1320,http://www.menuism.com,-1,1,-1,1,1,1,0
1332,http://www.nasdaq.com,1,1,1,1,1,0,0
1341,http://www.blip.tv,1,1,1,1,1,1,0
1346,http://www.happyplace.com,1,1,1,1,1,1,0
1351,http://www.yummly.com,1,1,-1,1,1,1,0
1352,http://www.offerpop.com,23,1,23,1,1,1,0
1359,http://www.zabasearch.com,1,1,1,1,1,1,0
1363,http://www.syracuse.com,1,1,1,1,1,0,0
1370,http://www.americanlanternalerts.com,1,1,1,1,1,0,0
1371,http://www.wsbtv.com,1,1,1,1,1,0,0
1373,http://www.bloglovin.com,1,1,1,-1,-1,1,0
1378,http://www.americanidol.com,1,1,1,1,1,0,0
1382,http://www.diynetwork.com,-1,1,-1,1,1,1,0
1391,http://www.kraftrecipes.com,12,1,12,1,1,1,0
1396,http://www.travelandleisure.com,13,1,13,1,1,1,0
1407,http://www.pennlive.com,1,1,1,1,1,0,0
1425,http://www.telly.com,1,1,1,1,1,0,0
1426,http://www.enotes.com,1,1,1,1,1,0,0
1429,http://www.steadyhealth.com,1,1,1,1,1,0,0
1430,http://www.memegenerator.net,-1,1,-1,1,1,1,0
1439,http://www.getitfree.us,1,1,1,1,1,0,0
1441,http://www.businessconsumeralliance.org,24,1,24,1,-1,0,1
1442,http://www.ebayclassifieds.com,1,1,-1,1,1,1,0
1443,http://www.dailyfinance.com,1,1,1,1,1,0,0
1446,http://www.liquor.com,-1,1,-1,1,1,1,0
1448,http://www.thesmokinggun.com,11,1,11,1,1,0,1
1455,http://www.bhg.com,1,1,1,1,1,0,0
1471,http://www.1saleaday.com,1,1,1,1,1,0,0
1474,http://www.restaurant.com,1,1,1,1,1,0,0
1477,http://www.spiegel.de,1,1,1,1,1,0,0
1478,http://www.ninjakiwi.com,1,1,1,1,1,1,0
1484,http://www.relish.com,1,1,1,1,1,0,0
1500,http://www.masslive.com,1,1,1,1,1,0,0
1505,http://www.1800flowers.com,1,1,1,1,1,1,0
1508,http://www.made-in-china.com,1,1,1,1,-1,1,0
1516,http://www.youbeauty.com,1,1,1,1,1,0,0
1532,http://www.mrfood.com,-1,1,-1,1,1,1,0
1539,http://www.redbubble.com,-1,1,-1,1,1,1,0
1553,http://www.411.info,1,1,1,-1,-1,0,0
1555,http://www.listal.com,1,1,1,1,1,0,0
1557,http://www.discogs.com,1,1,1,-1,-1,0,0
1585,http://www.flickriver.com,1,1,1,1,1,0,0
1590,http://www.depositfiles.com,1,1,1,1,1,0,0
1616,http://www.9gag.com,1,1,1,1,1,0,0
1625,http://www.dealchicken.com,23,1,23,-1,-1,1,0
1627,http://www.nbcdfw.com,1,1,1,1,1,0,0
1630,http://www.teleflora.com,1,1,-1,-1,-1,1,0
1633,http://www.eviesays.com,1,1,1,1,1,0,0
1636,http://www.viator.com,1,1,1,1,1,0,0
1649,http://www.wikidot.com,1,1,1,1,1,1,0
1656,http://www.pjmedia.com,-1,1,-1,1,1,1,0
1659,http://www.lockerz.com,1,1,1,1,1,1,0
1661,http://www.theknot.com,23,1,23,1,1,1,0
1673,http://www.wajam.com,1,1,1,1,1,1,0
1677,http://www.diabetes.org,1,1,1,-1,-1,0,0
1686,http://www.ebags.com,1,1,1,1,1,0,0
1688,http://www.parade.com,-1,1,1,1,1,0,0
1690,http://www.cincinnati.com,12,1,12,1,1,1,0
1694,http://www.mylife.com,1,1,1,1,1,0,0
1698,http://www.ziprealty.com,1,1,1,1,1,0,0
1707,http://www.keyingredient.com,1,1,1,-1,1,0,0
1713,http://www.pgpartner.com,1,1,1,-1,1,0,0
1714,http://www.badoo.com,1,1,1,1,1,0,0
1725,http://www.businessdictionary.com,1,1,1,1,1,0,0
1729,http://www.rent.com,1,1,1,1,-1,0,0
1745,http://www.askubuntu.com,1,1,1,1,1,0,0
1753,http://www.syfy.com,1,1,1,1,1,0,0
1759,http://www.paperlesspost.com,1,1,1,1,1,0,0
1770,http://www.flightstats.com,1,1,1,1,1,0,0
1781,http://www.thestar.com,1,1,1,1,1,0,0
1785,http://www.gamesgames.com,1,1,1,1,1,0,0
1794,http://www.kinja.com,1,1,1,1,1,0,0
1803,http://www.virtualtourist.com,1,1,1,-1,1,0,0
1807,http://www.indystar.com,12,1,12,1,1,1,0
1809,http://www.newspapers.com,1,1,-1,1,1,1,0
1821,http://www.easytobook.com,1,1,1,1,1,0,0
1841,http://www.nextag.com,-1,1,-1,1,1,1,0
1847,http://www.christianitytoday.com,1,1,1,1,1,0,0
1853,http://www.8tracks.com,1,1,1,1,1,0,0
1870,http://www.ngeo.com,1,1,1,1,1,0,0
1872,http://www.entrepreneur.com,1,1,1,1,1,0,0
1875,http://www.familybuilder.com,20,1,20,1,-1,1,0
1896,http://www.destructoid.com,1,1,1,1,1,0,1
1901,http://www.stipple.com,1,1,1,1,1,0,0
1906,http://www.games.com,1,1,1,1,1,0,0
1917,http://www.nbcwashington.com,1,1,1,1,1,0,0
1921,http://www.bannersnack.com,1,1,1,1,1,0,0
1935,http://www.flipkey.com,1,1,1,1,1,0,0
1963,http://www.hgtvremodels.com,-1,1,-1,1,1,1,0
1974,http://www.serverfault.com,1,1,1,1,1,0,0
1977,http://www.phys.org,1,1,1,1,1,0,1
1978,http://www.tvfanatic.com,1,1,1,1,1,0,1
1986,http://www.pga.com,1,1,1,1,1,0,0
1990,http://www.mirror.co.uk,1,1,1,1,1,1,0
1992,http://www.wowwiki.com,1,1,1,1,1,1,0
2014,http://www.fatwallet.com,1,1,1,1,1,1,0
2023,http://www.sparklit.com,1,1,1,1,1,0,0
2028,http://www.onekingslane.com,1,1,1,1,1,0,0
2039,http://www.nbcbayarea.com,1,1,1,1,1,0,0
2040,http://www.pricegrabber.com,1,1,1,-1,1,0,0
2044,http://www.aolanswers.com,1,1,1,1,1,0,1
2047,http://www.articlesbase.com,1,1,1,1,1,1,0
2049,http://www.trailer.ly,1,1,1,-1,1,0,0
2065,http://www.wyndhamrewards.com,1,1,1,1,1,0,0
2073,http://www.fontspace.com,1,1,1,1,1,0,0
2093,http://www.veoh.com,-1,1,-1,1,1,1,0
2097,http://www.oneall.com,1,1,1,1,1,0,0
2117,http://www.moddb.com,1,1,1,1,1,0,0
2124,http://www.mypoints.com,1,1,1,1,1,0,0
2137,http://www.westelm.com,1,1,1,1,1,0,0
2140,http://www.gsn.com,1,1,1,1,1,0,0
2145,http://www.crackberry.com,1,1,1,1,1,0,0
2147,http://www.naturallycurly.com,1,1,1,1,1,0,0
2154,http://www.managemylife.com,1,1,1,1,1,0,0
2161,http://www.inquirehow.com,1,1,1,1,1,0,0
2164,http://www.lyrster.com,1,1,-1,1,1,1,0
2167,http://www.agame.com,1,1,1,1,1,0,0
2178,http://www.walkscore.com,1,1,1,1,1,1,0
2189,http://www.neoseeker.com,-1,1,1,1,1,0,0
2195,http://www.cdbaby.com,1,1,1,1,1,0,0
2196,http://www.nbcmiami.com,1,1,1,1,1,0,0
2197,http://www.insiderpages.com,1,1,1,1,1,0,1
2199,http://www.azfamily.com,1,1,1,-1,1,0,0
2201,http://www.nikonusa.com,1,1,1,1,1,0,0
2210,http://www.courant.com,1,1,1,1,1,0,0
2222,http://www.timesdispatch.com,11,1,11,-1,-1,0,0
2228,http://www.ancientfaces.com,-1,1,-1,1,1,1,0
2233,http://www.trysensa.com,1,1,1,1,1,1,0
2254,http://www.ae.com,-1,1,-1,1,1,1,0
2261,http://www.accessatlanta.com,1,1,1,1,1,0,0
2279,http://www.iwin.com,1,1,1,1,1,1,0
2294,http://www.digitalpoint.com,24,1,24,-1,-1,0,0
2298,http://www.minyanville.com,-1,1,-1,1,1,0,1
2308,http://www.baseball-reference.com,1,1,1,1,1,0,0
2312,http://www.everydayfamily.com,1,1,1,1,1,0,0
2318,http://www.songkick.com,-1,1,1,1,1,1,0
2322,http://www.findthedata.org,-1,1,-1,1,1,1,0
2324,http://www.shopsocially.com,12,1,12,1,1,1,0
2338,http://www.desmoinesregister.com,12,1,12,1,1,1,0
2345,http://www.globaltestmarket.com,11,1,11,1,1,1,0
2351,http://www.voanews.com,1,1,-1,1,1,1,0
2355,http://www.katespade.com,1,1,1,1,1,0,0
2356,http://www.vevo.com,23,1,23,1,1,1,0
2359,http://www.carsdirect.com,1,1,1,1,1,0,0
2372,http://www.brightlist.com,1,1,1,1,1,0,0
2386,http://www.fitbit.com,23,1,23,-1,-1,1,0
2388,http://www.wral.com,1,1,1,1,1,0,0
2426,http://www.wnyc.org,1,1,1,1,1,0,0
2430,http://www.vladtv.com,1,1,1,1,1,0,0
2431,http://www.crocs.com,1,1,1,1,1,0,0
2447,http://www.wikimapia.org,-1,1,-1,1,1,1,0
2450,http://www.truecar.com,1,1,1,1,1,0,0
2454,http://www.animoto.com,-1,1,-1,1,1,1,0
2459,http://www.fncstatic.com,1,1,1,1,1,0,0
2467,http://www.nbcconnecticut.com,1,1,1,1,1,0,0
2471,http://www.zinio.com,1,1,1,1,1,0,0
2472,http://www.tripadvisor.it,1,1,1,1,1,1,0
2483,http://www.bestplaces.net,1,1,1,1,1,0,0
2488,http://www.omahasteaks.com,1,1,1,1,1,0,0
2493,http://www.wftv.com,1,1,1,1,1,0,0
2500,http://www.pingg.com,1,1,1,1,1,0,1
2514,http://www.skillpages.com,-1,1,-1,1,1,1,0
2516,http://www.thesuperficial.com,-1,1,-1,1,1,1,0
2526,http://www.addictinggames.com,1,1,1,1,1,1,0
2533,http://www.cesarsway.com,1,1,1,1,1,0,0
2535,http://www.allfreecrochet.com,-1,1,-1,1,1,1,0
2543,http://www.trustlink.org,1,1,1,1,-1,0,1
2554,http://www.ebates.com,1,1,1,1,1,1,0
2555,http://www.justia.com,3,1,3,1,1,0,1
2563,http://www.agoda.com,12,1,12,1,1,0,0
2574,http://www.topicologist.com,1,1,1,1,1,0,0
2591,http://www.complaintsboard.com,1,1,1,1,1,0,0
2602,http://www.neatorama.com,1,1,1,1,1,0,0
2632,http://www.wholefoodsmarket.com,1,1,1,1,1,0,0
2633,http://www.haaretz.com,-1,1,-1,1,1,1,0
2636,http://www.everytrail.com,1,1,1,1,1,0,1
2644,http://www.hotfrog.com,1,1,1,1,1,0,0
2663,http://www.remax.com,1,1,1,1,1,0,0
2665,http://www.readability.com,1,1,1,1,1,0,0
2677,http://www.mysurvey.com,11,1,11,1,1,0,0
2724,http://www.wpcentral.com,1,1,1,1,1,0,0
2732,http://www.linksys.com,1,1,1,1,1,0,0
2744,http://www.whiotv.com,1,1,1,1,1,0,0
2745,http://www.automobilemag.com,1,1,1,1,1,0,0
2765,http://www.pizap.com,1,1,-1,1,1,1,0
2772,http://www.knoxnews.com,13,1,13,1,1,0,0
2791,http://www.crosscards.com,1,1,1,1,1,0,0
2810,http://www.trails.com,1,1,1,1,1,1,0
2849,http://www.tennessean.com,12,1,12,1,1,1,0
2856,http://www.coolsavings.com,3,1,3,1,1,1,0
2859,http://www.hi5.com,1,1,1,1,1,1,0
2876,http://www.redrobin.com,1,1,1,1,1,0,0
2889,http://www.mynewplace.com,-1,1,-1,1,1,1,0
2891,http://www.topspeed.com,1,1,1,1,1,0,0
2907,http://www.punchtab.com,1,1,1,1,1,0,0
2921,http://www.justdial.com,1,1,1,1,1,0,0
2931,http://www.palmbeachpost.com,1,1,1,1,1,0,0
2937,http://www.windstream.net,1,1,1,1,1,1,0
2939,http://www.lyrics.com,1,1,1,1,1,0,0
2940,http://www.kirotv.com,1,1,1,1,1,0,0
2943,http://www.billingsgazette.com,1,1,1,-1,-1,0,0
2944,http://www.officer.com,1,1,1,1,1,0,0
2951,http://www.repubblica.it,1,1,1,1,1,0,0
2952,http://www.smarturl.it,1,1,1,1,1,0,0
2954,http://www.atgstores.com,20,1,20,1,1,1,0
2968,http://www.vw.com,1,1,1,1,1,0,0
2973,http://www.jackspade.com,1,1,1,1,1,0,0
2999,http://www.joyus.com,1,1,-1,1,1,0,1
3006,http://www.manualslib.com,1,1,1,1,1,0,0
3046,http://www.pawnation.com,1,1,1,1,1,0,0
3049,http://www.vube.com,-1,1,-1,1,1,1,0
3053,http://www.hotelsavings.com,-1,1,-1,1,1,0,1
3063,http://www.wsoctv.com,1,1,1,1,1,0,0
3064,http://www.aarp.net,1,1,1,1,1,0,0
3083,http://www.ktvu.com,1,1,1,1,1,0,0
3088,http://www.photo.net,1,1,1,-1,-1,0,0
3089,http://www.sonyrewards.com,11,1,11,1,-1,0,0
3100,http://www.vk.com,1,1,1,1,1,0,0
3107,http://www.theberry.com,1,1,1,1,1,0,0
3115,http://www.myview.com,12,1,12,1,1,0,0
3126,http://www.armorgames.com,23,1,23,1,1,1,0
3135,http://www.homescape.com,1,1,1,1,1,0,0
3137,http://www.pixdaus.com,1,1,1,1,1,1,0
3139,http://www.givemesport.com,1,1,1,1,1,0,0
3144,http://www.rgj.com,12,1,12,1,1,1,0
3158,http://www.adage.com,1,1,1,1,1,0,0
3167,http://www.memory-alpha.org,1,1,1,1,1,1,0
3172,http://www.mandatory.com,1,1,1,1,1,0,0
3178,http://www.gamefly.com,1,1,1,1,1,0,0
3180,http://www.blekko.com,1,1,1,1,1,0,1
3193,http://www.quibblo.com,11,1,11,1,1,1,0
3203,http://www.kitchendaily.com,1,1,1,1,1,0,0
3215,http://www.southernsavers.com,1,1,1,1,1,0,0
3241,http://www.toluna.com,-1,1,1,-1,1,0,0
3250,http://www.kennedy-center.org,-1,1,-1,1,1,1,0
3258,http://www.irishcentral.com,12,1,12,1,1,1,0
3278,http://www.fabkids.com,12,1,12,1,1,1,0
3287,http://www.americasjobexchange.com,1,1,1,1,1,0,0
3295,http://www.jobsense.com,1,1,1,1,1,0,0
3309,http://www.newspaperarchive.com,1,1,1,1,1,1,0
3310,http://www.videojug.com,16,1,16,1,1,0,0
3326,http://www.visual.ly,-1,1,-1,1,1,1,0
3330,http://www.docusign.com,1,1,1,1,1,0,0
3336,http://www.reverso.net,1,1,1,1,1,0,0
3349,http://www.nickmom.com,1,1,1,1,1,1,0
3373,http://www.wellsphere.com,16,1,16,1,1,0,0
3381,http://www.cycletrader.com,1,1,1,1,1,0,0
3387,http://www.courier-journal.com,12,1,12,1,1,1,0
3411,http://www.yandex.ru,1,1,1,1,1,0,0
3415,http://www.delicious.com,1,1,1,1,1,0,0
3417,http://www.myxer.com,12,1,12,1,1,1,0
3422,http://www.myvideo.de,1,1,-1,1,1,1,0
3433,http://www.newbalance.com,1,1,1,1,1,0,0
3436,http://www.daytondailynews.com,1,1,1,1,1,0,0
3448,http://www.huffingtonpost.co.uk,1,1,1,1,1,1,0
3463,http://www.craftsy.com,1,1,1,1,1,0,0
3469,http://www.metacritic.com,1,1,1,1,1,1,0
3485,http://www.univision.com,1,1,1,1,1,0,0
3497,http://www.halfoffdeals.com,1,1,1,-1,-1,0,0
3502,http://www.trendhunter.com,1,1,1,1,1,1,0
3503,http://www.scmp.com,-1,1,-1,1,1,0,1
3507,http://www.democratandchronicle.com,12,1,12,1,1,1,0
3513,http://www.clarionledger.com,12,1,12,1,1,1,0
3517,http://www.webutation.net,1,1,1,1,1,1,0
3532,http://www.streetdirectory.com,1,1,1,1,1,1,0
3538,http://www.payscale.com,-1,1,-1,1,1,1,0
3545,http://www.over-blog.com,13,1,13,1,1,0,0
3553,http://www.yumsugar.com,-1,1,-1,1,1,1,0
3555,http://www.9wsyr.com,11,1,11,1,1,0,0
3566,http://www.likes.com,1,1,-1,1,1,1,0
3572,http://www.patriotdepot.com,1,1,1,1,1,0,0
3589,http://www.aflcio.org,1,1,1,1,1,0,0
3591,http://www.slashdot.org,1,1,1,1,1,0,0
3594,http://www.goodsearch.com,1,1,1,1,1,0,0
3615,http://www.tingo.com,1,1,1,1,1,0,0
3629,http://www.yellowbot.com,1,1,1,1,1,0,0
3653,http://www.zoho.com,1,1,1,-1,-1,0,0
3661,http://www.fox23.com,1,1,1,1,-1,0,0
3698,http://www.lehighvalleylive.com,1,1,1,1,1,0,0
3700,http://www.homefinder.com,1,1,1,1,1,0,0
3704,http://www.weddingbee.com,1,1,1,1,1,1,0
3707,http://www.deluxe.com,1,1,1,1,1,0,0
3711,http://www.towleroad.com,1,1,1,1,1,0,0
3718,http://www.realself.com,1,1,1,1,1,0,0
3733,http://www.makeupalley.com,1,1,1,1,1,1,0
3743,http://www.thedailymeal.com,1,1,1,1,1,0,0
3766,http://www.theweathernetwork.com,23,1,23,1,1,1,0
3773,http://www.silive.com,1,1,1,1,1,0,0
3774,http://www.filmon.com,-1,1,-1,1,1,1,0
3776,http://www.meez.com,22,1,22,1,1,1,0
3778,http://www.beyonddiet.com,12,1,12,1,1,1,0
3779,http://www.homesnap.com,1,1,-1,1,1,1,0
3786,http://www.kidcity.com,1,1,1,1,1,0,0
3801,http://www.gamewise.co,1,1,1,1,1,0,0
3809,http://www.cookingchanneltv.com,1,1,1,1,1,0,0
3810,http://www.freeonlinegames.com,-1,1,-1,1,1,1,0
3839,http://www.getsatisfaction.com,20,1,20,1,1,0,0
3852,http://www.huffingtonpost.ca,1,1,1,1,1,1,0
3859,http://www.la-z-boy.com,12,1,12,1,1,1,0
3860,http://www.expedia.fr,1,1,-1,1,1,1,0
3878,http://www.avvo.com,1,1,1,1,1,0,0
3881,http://www.clipnation.com,16,1,16,1,1,1,0
3885,http://www.automotive.com,1,1,1,1,1,0,0
3899,http://www.ziplist.com,1,1,1,1,1,0,0
3904,http://www.rubylane.com,1,1,1,1,1,0,1
3905,http://www.wheeloffortune.com,1,1,1,1,-1,0,0
3917,http://www.roadandtrack.com,1,1,1,1,1,1,0
3921,http://www.offers.com,-1,1,1,1,1,0,0
3949,http://www.librarything.com,1,1,1,1,1,0,0
3955,http://www.creativecow.net,13,1,13,1,1,0,0
3957,http://www.thehairpin.com,1,1,1,1,1,1,0
3965,http://www.weei.com,16,1,16,1,1,0,0
3968,http://www.maillist-manage.com,1,1,1,1,1,0,0
3971,http://www.viewpoints.com,1,1,1,1,1,0,0
3979,http://www.news-press.com,12,1,12,1,1,1,0
3986,http://www.mmafighting.com,1,1,1,1,1,0,0
3993,http://www.appgraffiti.com,1,1,-1,1,1,0,1
4018,http://www.prezi.com,1,1,1,1,1,0,0
4029,http://www.floridatoday.com,12,1,12,1,1,1,0
4031,http://www.spreecast.com,1,1,1,-1,1,0,0
4035,http://www.whatcounts.com,1,1,1,1,1,0,0
4070,http://www.zorpia.com,1,1,-1,1,1,1,0
4083,http://www.dailyglow.com,1,1,1,1,1,0,0
4120,http://www.nextdoor.com,12,1,12,1,1,1,0
4125,http://www.app.com,12,1,12,1,1,1,0
4149,http://www.pet360.com,23,1,23,-1,-1,1,0
4154,http://www.tomsguide.com,1,1,1,1,1,0,0
4169,http://www.klout.com,1,1,1,1,1,0,0
4180,http://www.grandparents.com,1,1,1,1,1,0,0
4193,http://www.technologyreview.com,1,1,1,1,1,0,0
4194,http://www.recipe.com,1,1,1,1,1,0,0
4240,http://www.wat.tv,11,1,11,1,1,1,0
4246,http://www.songza.com,-1,1,-1,1,1,1,0
4255,http://www.luckybrand.com,1,1,1,1,1,0,0
4257,http://www.smh.com.au,1,1,1,1,1,0,0
4268,http://www.trivago.com,1,1,1,1,1,1,0
4281,http://www.independent.ie,1,1,1,1,-1,1,0
4289,http://www.plink.com,1,1,1,1,1,0,0
4299,http://www.999ktdy.com,-1,1,-1,1,1,1,0
4301,http://www.roadscholar.org,1,1,-1,1,1,1,0
4310,http://www.speedtv.com,1,1,1,1,1,0,0
4330,http://www.newretirement.com,1,1,-1,1,1,0,1
4334,http://www.makers.com,1,1,1,1,1,0,0
4339,http://www.pravda.ru,1,1,1,1,1,0,0
4355,http://www.build.com,1,1,1,1,1,0,0
4366,http://www.discoverbing.com,1,1,1,1,1,0,0
4373,http://www.clarkhoward.com,1,1,1,1,1,0,0
4378,http://www.depositphotos.com,1,1,1,1,1,1,0
4380,http://www.madison.com,11,1,11,-1,-1,0,0
4417,http://www.urtak.com,1,1,1,1,1,0,0
4427,http://www.cricketcountry.com,1,1,1,1,1,0,1
4430,http://www.delawareonline.com,12,1,12,1,1,1,0
4473,http://www.davidsbridal.com,1,1,1,1,1,0,0
4478,http://www.teamsnap.com,12,1,12,1,1,0,1
4481,http://www.mypalmbeachpost.com,1,1,1,1,1,0,0
4483,http://www.roomstays.com,1,1,1,1,1,0,0
4501,http://www.candystand.com,1,1,1,1,1,0,0
4513,http://www.informationweek.com,1,1,1,1,1,0,0
4523,http://www.lohud.com,12,1,12,1,1,1,0
4526,http://www.commercialappeal.com,13,1,13,1,1,0,0
4540,http://www.readyseteat.com,1,1,1,1,1,0,0
4543,http://www.chicagoreader.com,1,1,1,1,1,1,0
4552,http://www.mccormick.com,1,1,1,1,1,0,0
4557,http://www.biblestudytools.com,1,1,1,1,1,0,0
4560,http://www.points.com,20,1,20,1,1,0,1
4576,http://www.bestcovery.com,-1,1,-1,1,1,1,0
4582,http://www.naplesnews.com,13,1,13,1,1,0,0
4584,http://www.rebelmouse.com,1,1,1,1,1,0,0
4588,http://www.allfreeknitting.com,-1,1,-1,1,1,1,0
4589,http://www.justcloud.com,1,1,1,1,1,1,0
4594,http://www.shift.com,3,1,3,1,1,1,0
4600,http://www.nextdaypets.com,12,1,12,-1,1,0,0
4628,http://www.foxsoccer.com,1,1,1,1,1,0,0
4633,http://www.barchart.com,1,1,1,1,1,1,0
4654,http://www.fuelly.com,12,1,12,1,1,0,0
4663,http://www.flattr.com,1,1,1,1,1,0,0
4697,http://www.digg.com,-1,1,-1,1,1,1,0
4717,http://www.qctimes.com,11,1,11,-1,-1,0,0
4743,http://www.calorie-count.com,23,1,23,1,1,0,0
4754,http://www.bloodyelbow.com,1,1,1,1,1,0,0
4774,http://www.blogher.com,1,1,1,1,1,0,0
4805,http://www.thefancy.com,1,1,1,1,1,1,0
4818,http://www.docusign.net,1,1,1,1,1,0,0
4827,http://www.jobpath.com,1,1,1,1,1,0,0
4832,http://www.canalblog.com,1,1,1,1,1,0,1
4846,http://www.santabanta.com,1,1,1,-1,-1,0,0
4851,http://www.alltrails.com,1,1,1,1,1,1,0
4862,http://www.kongregate.com,1,1,1,1,1,0,0
4871,http://www.pressjack.com,13,1,13,1,1,0,0
4874,http://www.denverdailydeals.com,1,1,1,1,1,0,0
4875,http://www.vcstar.com,13,1,13,1,1,0,0
4885,http://www.crooksandliars.com,1,1,1,1,1,0,0
4908,http://www.yasni.com,1,1,1,-1,-1,0,0
4917,http://www.freethoughtblogs.com,1,1,1,-1,1,0,0
4921,http://www.good.is,23,1,23,-1,-1,0,0
4923,http://www.funpic.de,20,1,20,1,1,0,0
4930,http://www.bikeradar.com,1,1,1,1,1,0,0
4940,http://www.spoke.com,1,1,1,1,-1,0,0
4964,http://www.bitly.com,1,1,1,1,1,0,0
4965,http://www.mycenturylink.com,1,1,1,1,1,1,0
4976,http://www.hookandbullet.com,-1,1,-1,1,1,0,1
4983,http://www.matadornetwork.com,20,1,20,1,-1,0,0
4992,http://www.allfreesewing.com,-1,1,-1,1,1,1,0
4994,http://www.wiseshop.com,1,1,1,1,1,0,0
4995,http://www.quora.com,1,1,1,1,1,1,0
5000,http://www.youmint.com,24,24,24,24,24,1,0
5021,http://www.1800baskets.com,1,1,-1,1,1,1,0
5026,http://www.aeriagames.com,1,1,1,1,1,1,0
5028,http://www.whattoexpect.com,1,1,1,1,1,0,0
5038,http://www.tablespoon.com,1,1,1,1,1,0,1
5058,http://www.milesplit.com,12,1,12,-1,1,0,0
5066,http://www.fanbridge.com,12,1,12,1,1,0,0
5079,http://www.freedomworks.org,20,1,20,1,1,0,0
5089,http://www.ford-trucks.com,20,1,20,1,1,1,0
5098,http://www.berecruited.com,1,1,1,1,1,0,0
5101,http://www.mmamania.com,1,1,1,1,1,0,0
5116,http://www.energycitizens.org,16,1,16,1,1,1,0
5132,http://www.webmasterplan.com,12,1,12,-1,1,0,0
5168,http://www.tapiture.com,-1,1,-1,1,1,1,0
5173,http://www.computing.net,11,1,11,-1,-1,0,0
5195,http://www.khanacademy.org,1,1,1,1,1,1,0
5209,http://www.maybelline.com,24,1,24,1,1,1,0
5220,http://www.mycentraljersey.com,12,1,12,1,1,1,0
5229,http://www.homesandland.com,23,1,23,1,1,0,0
5249,http://www.bigoven.com,23,1,23,1,1,1,0
5266,http://www.ycheckrates.com,1,1,1,1,1,1,0
5286,http://www.lacrossetribune.com,1,1,1,-1,-1,0,0
5299,http://www.vulture.com,1,1,1,1,1,0,0
5300,http://www.flyertalk.com,1,1,1,1,1,1,0
5301,http://www.missoulian.com,11,1,11,-1,-1,0,0
5341,http://www.kaboodle.com,22,1,22,-1,1,0,0
5363,http://www.lolception.com,1,1,1,1,-1,0,0
5367,http://www.travelpod.com,1,1,1,1,1,1,0
5368,http://www.twoo.com,1,1,1,1,1,1,0
5373,http://www.pacsun.com,1,1,1,1,1,0,0
5374,http://www.mymove.com,1,1,1,1,1,0,0
5375,http://www.tripadvisor.co.uk,1,1,1,1,1,1,0
5377,http://www.hopster.com,1,1,1,-1,-1,0,0
5396,http://www.airbnb.com,1,1,1,1,1,1,0
5399,http://www.cutoutandkeep.net,1,1,1,-1,1,0,0
5402,http://www.baublebox.com,1,1,1,1,-1,0,0
5404,http://www.trademarkia.com,3,1,3,1,1,0,1
5425,http://www.cookeatshare.com,1,1,1,1,1,1,0
5431,http://www.dallascowboys.com,1,1,1,1,1,0,0
5451,http://www.tunegenie.com,1,1,-1,1,1,0,1
5454,http://www.tarot.com,1,1,1,1,1,1,0
5470,http://www.cyclingnews.com,1,1,1,1,1,0,0
5475,http://www.razoo.com,1,1,1,1,1,1,0
5523,http://www.jollywallet.com,20,1,20,1,1,0,0
5548,http://www.grocerycouponnetwork.com,1,1,1,1,1,0,0
5549,http://www.fordparts.com,1,1,1,-1,-1,0,0
5565,http://www.newhomesource.com,3,1,3,1,1,1,0
5582,http://www.lookbook.nu,1,1,1,1,-1,1,0
5595,http://www.metro.co.uk,1,1,1,1,1,0,0
5611,http://www.onsugar.com,24,1,24,1,1,0,1
5629,http://www.atlasobscura.com,1,1,1,1,1,0,0
5634,http://www.watchdog.org,-1,1,-1,1,1,0,1
5646,http://www.fuelrewards.com,12,12,12,12,12,0,0
5668,http://www.pixer.mobi,1,1,1,1,1,0,0
5698,http://www.triporati.com,-1,1,-1,1,1,0,1
5725,http://www.referlocal.com,1,1,1,1,1,0,1
5736,http://www.relevantmagazine.com,1,1,1,1,1,0,0
5738,http://www.socialmediatoday.com,1,1,1,1,1,0,0
5749,http://www.investorwords.com,1,1,1,1,1,0,0
5758,http://www.uship.com,12,1,12,1,1,0,0
5765,http://www.behance.net,22,1,22,1,1,0,0
5768,http://www.rapidcityjournal.com,1,1,1,-1,-1,0,0
5772,http://www.idealist.org,1,1,1,1,1,0,0
5776,http://www.chess.com,15,1,15,1,1,0,0
5789,http://www.nbcnews.com,1,1,1,1,1,1,0
5791,http://www.horseracingnation.com,1,1,1,1,1,0,1
5818,http://www.pantagraph.com,1,1,1,-1,-1,0,0
5819,http://www.mymodernmet.com,11,1,11,1,1,0,0
5847,http://www.virtuallythere.com,23,1,23,1,1,0,0
5855,http://www.wholefoods.com,1,1,1,1,1,0,0
5864,http://www.legendaryfind.com,1,1,1,1,1,0,0
5867,http://www.rm02.net,1,1,1,1,1,0,0
5890,http://www.corvetteforum.com,1,1,1,1,1,1,0
5929,http://www.allfreecopycatrecipes.com,-1,1,-1,1,1,1,0
5968,http://www.usacarry.com,1,1,1,1,1,1,0
5974,http://www.dvice.com,1,1,1,1,1,0,0
5994,http://www.curbly.com,1,1,1,1,1,0,0
6030,http://www.fotolia.com,1,1,1,1,1,0,0
6037,http://www.americanprofile.com,1,1,1,1,1,0,0
6053,http://www.scambook.com,1,1,1,1,1,1,0
6058,http://www.scoop.it,1,1,1,1,1,0,0
6070,http://www.brow.si,1,1,-1,1,1,1,0
6080,http://www.fxnetworks.com,15,1,15,1,1,0,0
6110,http://www.har.com,1,1,1,1,1,0,0
6113,http://www.viddy.com,1,1,1,1,1,0,0
6124,http://www.dice.com,11,1,11,1,1,0,0
6153,http://www.runescape.com,24,1,24,1,1,1,0
6154,http://www.tumtiki.com,1,1,1,1,1,0,0
6162,http://www.dolesalads.com,11,1,11,1,1,1,0
6193,http://www.baseballnation.com,1,1,1,1,1,0,0
6203,http://www.poetryfoundation.org,20,1,20,1,1,0,0
6209,http://www.listia.com,1,1,1,1,1,1,0
6212,http://www.televisionwithoutpity.com,1,1,1,1,-1,0,0
6224,http://www.soundboard.com,20,1,20,1,1,1,0
6240,http://www.linkup.com,1,1,1,1,1,0,0
6277,http://www.courierpress.com,1,1,1,1,1,0,0
6280,http://www.fotolog.com,1,1,1,1,1,1,0
6297,http://www.resume-now.com,12,1,12,-1,-1,0,0
6303,http://www.favim.com,1,1,1,1,1,0,0
6324,http://www.wayn.com,1,1,1,1,1,0,0
6361,http://www.trustpilot.com,-1,1,-1,1,1,1,0
6408,http://www.loginradius.com,22,1,22,1,1,0,0
6423,http://www.psu.com,1,1,-1,1,1,1,0
6450,http://www.bing.net,1,1,1,1,1,0,0
6471,http://www.everything.org.uk,24,1,24,1,1,0,0
6507,http://www.the-top-tens.com,-1,1,-1,1,1,1,0
6515,http://www.amctv.com,1,1,1,1,1,0,0
6529,http://www.berkleemusic.com,1,1,1,1,1,0,0
6538,http://www.123contactform.com,1,1,1,-1,-1,0,0
6545,http://www.christianitytoday.org,1,1,1,1,1,0,0
6578,http://www.wirewax.com,20,1,20,1,1,1,0
6598,http://www.condo.com,-1,1,-1,1,1,1,0
6609,http://www.healthcaremagic.com,-1,1,1,1,1,0,0
6610,http://www.memepix.com,1,1,1,1,1,0,0
6613,http://www.dvidshub.net,1,1,1,1,1,0,0
6630,http://www.alumniconnections.com,12,1,12,1,1,0,0
6645,http://www.indiedb.com,1,1,1,1,1,0,0
6674,http://www.mynews4.com,11,1,11,1,1,0,0
6685,http://www.wetpaint.me,1,1,-1,1,1,1,0
6690,http://www.fitnessmagazine.com,1,1,1,1,1,0,0
6695,http://www.rouxbe.com,1,1,1,1,1,0,0
6701,http://www.researchgate.net,22,1,22,1,1,0,0
6729,http://www.theaustralian.com.au,22,1,22,1,1,0,0
6744,http://www.boldride.com,-1,1,-1,1,1,1,0
6746,http://www.teamcoco.com,1,1,1,1,1,0,0
6747,http://www.warthunder.com,11,1,11,1,1,0,0
6784,http://www.tastebook.com,1,1,1,1,1,0,0
6800,http://www.popvox.com,1,1,1,1,1,0,0
6822,http://www.netbargains.com,1,1,1,1,1,0,0
6855,http://www.yasni.info,1,1,1,-1,-1,0,0
6884,http://www.feedbackforms.com,1,1,1,1,1,0,0
6886,http://www.pressofatlanticcity.com,11,11,11,11,11,0,0
6901,http://www.yellowpages.ca,1,1,1,1,1,0,0
6948,http://www.marvel.com,1,1,1,1,1,0,0
6950,http://www.tcpalm.com,12,1,12,1,1,0,0
6951,http://www.room77.com,-1,1,-1,1,1,1,0
6971,http://www.dailydot.com,20,1,20,1,1,1,0
7018,http://www.investingdaily.com,1,1,1,1,1,0,0
7021,http://www.allpoetry.com,1,1,1,1,1,0,0
7026,http://www.traffic.com,1,1,1,1,1,0,0
7032,http://www.spafinder.com,1,1,1,1,1,1,0
7039,http://www.videosift.com,1,1,1,1,1,0,0
7053,http://www.veteranstoday.com,1,1,1,1,1,0,0
7057,http://www.rdio.com,-1,1,-1,1,1,1,0
7066,http://www.iowastatedaily.com,11,11,11,11,11,0,0
7077,http://www.sliderocket.com,11,11,11,11,11,0,0
7081,http://www.socialreader.com,1,1,1,1,1,0,0
7086,http://www.lincoln.com,1,1,1,1,1,0,0
7097,http://www.sandiegoreader.com,1,1,1,1,1,0,0
7116,http://www.claires.com,1,1,-1,1,1,1,0
7150,http://www.temptalia.com,1,1,1,1,1,0,0
7173,http://www.mommypage.com,1,1,1,1,1,0,0
7179,http://www.guestdesk.com,11,1,11,1,1,0,0
7185,http://www.reporternews.com,12,1,12,1,1,0,0
7200,http://www.reciperehab.com,1,1,1,1,1,0,0
7204,http://www.sweetjack.com,1,1,1,1,1,0,0
7405,http://www.photosnack.com,1,1,1,1,1,0,0
7410,http://www.doubletakedeals.com,-1,1,-1,1,1,1,0
7418,http://www.grubhub.com,1,1,1,1,1,0,0
7498,http://www.votifi.com,1,1,1,1,1,0,0
7522,http://www.find.ly,12,1,12,1,1,0,0
7523,http://www.intheyard.org,1,1,1,1,1,0,1
7534,http://www.vtourist.com,1,1,1,-1,1,0,0
7550,http://www.heraldextra.com,1,1,1,-1,-1,0,0
7585,http://www.bismarcktribune.com,11,1,11,-1,-1,0,0
7610,http://www.wcfcourier.com,11,1,11,-1,-1,0,0
7640,http://www.kraftbrands.com,12,1,12,1,1,1,0
7671,http://www.siouxcityjournal.com,1,1,1,-1,-1,0,0
7681,http://www.archdaily.com,11,1,11,1,1,0,0
7683,http://www.chewonit.com,1,1,1,1,1,0,0
7687,http://www.wpxi.com,1,1,1,1,1,0,0
7723,http://www.gamescanvas.com,1,1,1,1,1,0,0
7733,http://www.nextissue.com,1,1,-1,1,1,1,0
7741,http://www.ancestry.co.uk,-1,1,-1,1,1,1,0
7744,http://www.clatl.com,1,1,1,1,1,1,0
7755,http://www.terra.es,1,1,1,1,1,1,0
7828,http://www.myajc.com,1,1,1,1,1,0,0
7833,http://www.cougarlife.com,1,1,1,-1,-1,0,0
7874,http://www.tripadvisor.ca,1,1,1,1,1,1,0
7879,http://www.download.com,1,1,1,1,1,0,0
7914,http://www.keek.com,1,1,1,1,1,0,0
7937,http://www.mkt32.net,1,1,1,1,1,0,0
7948,http://www.gdgt.com,23,1,23,1,1,1,0
7949,http://www.livecareer.com,12,1,12,-1,1,0,0
7952,http://www.volunteermatch.org,-1,1,1,1,1,0,0
7968,http://www.hotnewhiphop.com,1,1,1,1,1,1,0
8009,http://www.sittercity.com,12,1,12,1,1,0,0
8016,http://www.wvec.com,1,1,1,-1,1,0,0
8042,http://www.trove.com,-1,1,-1,1,-1,1,0
8051,http://www.fab.com,-1,1,-1,1,1,1,0
8097,http://www.recycler.com,1,1,1,-1,1,0,0
8104,http://www.inmagine.com,11,1,11,1,1,0,0
8120,http://www.wolframalpha.com,1,1,1,1,1,0,0
8148,http://www.novica.com,1,1,1,1,1,0,0
8153,http://www.poststar.com,12,1,12,-1,-1,0,0
8203,http://www.business-standard.com,1,1,1,1,1,0,0
8225,http://www.duncanhines.com,1,1,1,1,1,1,0
8229,http://www.journeys.com,1,1,1,1,1,0,0
8265,http://www.flipora.com,1,1,-1,1,1,1,0
8291,http://www.patriotaction.net,1,1,1,1,1,0,0
8300,http://www.realtidbits.com,1,1,1,1,1,0,0
8334,http://www.bassresource.com,20,1,20,1,1,0,0
8347,http://www.desura.com,1,1,1,1,1,0,0
8400,http://www.threadless.com,1,1,1,1,1,0,0
8404,http://www.wowway.net,1,1,1,1,1,1,0
8423,http://www.mobile9.com,1,1,1,1,1,0,0
8431,http://www.fredericknewspost.com,11,1,11,-1,-1,0,0
8437,http://www.ticketweb.com,1,1,1,-1,1,0,0
8442,http://www.avgthreatlabs.com,1,1,1,1,-1,0,0
8447,http://www.ubi.com,24,1,24,1,-1,0,0
8460,http://www.ipoll.com,1,1,1,1,1,0,0
8461,http://www.svpply.com,1,1,1,1,1,0,0
8468,http://www.hickoryrecord.com,11,1,11,-1,-1,0,0
8488,http://www.news-leader.com,12,1,12,1,1,1,0
8511,http://www.k12jobspot.com,1,1,1,1,1,0,0
8512,http://www.sho.com,1,1,1,1,1,0,0
8519,http://www.skyrock.com,1,1,1,1,1,1,0
8560,http://www.silk.com,-1,1,-1,1,1,1,0
8626,http://www.govtrack.us,1,1,1,1,1,0,0
8634,http://www.viewbix.com,1,1,1,1,1,0,0
8636,http://www.paper.li,1,1,1,1,1,0,0
8717,http://www.newyorktimes.com,-1,1,-1,1,1,1,0
8730,http://www.stocktwits.com,1,1,1,1,-1,0,0
8744,http://www.techhive.com,22,22,22,22,22,0,0
8762,http://www.freepeople.com,1,1,1,1,1,1,0
8767,http://www.tout.com,1,1,1,1,1,0,0
8776,http://www.streetfire.net,1,1,1,1,1,0,0
8793,http://www.teennick.com,1,1,1,1,1,1,0
8804,http://www.animalowners.com,1,1,1,1,1,0,0
8809,http://www.trib.com,1,1,1,-1,-1,0,0
8837,http://www.kraftfirsttaste.com,12,1,12,1,1,1,0
8842,http://www.streetadvisor.com,1,1,1,1,1,0,0
8881,http://www.pennysaverusa.com,1,1,1,1,1,1,0
8928,http://www.themetapicture.com,1,1,1,1,1,0,0
8932,http://www.loveagain.com,1,1,1,1,1,1,0
8953,http://www.perfectmatch.com,12,1,12,1,1,0,0
8968,http://www.espnfc.com,1,1,-1,1,1,1,0
9006,http://www.8coupons.com,1,1,1,1,1,0,1
9007,http://www.crash.net,3,1,1,1,1,0,0
9048,http://www.eshakti.com,3,1,3,1,1,1,0
9055,http://www.mcnhub.com,1,1,1,1,1,0,0
9093,http://www.sharemyplaylists.com,1,1,1,-1,-1,0,0
9111,http://www.cuisinart.com,1,1,1,1,1,0,1
9122,http://www.nature.org,1,1,1,1,1,0,0
9123,http://www.flipsnack.com,1,1,1,1,1,0,0
9124,http://www.uniqlo.com,1,1,1,1,1,0,0
9128,http://www.shiftgig.com,1,1,1,1,1,0,0
9165,http://www.prankdial.com,3,1,3,1,1,1,0
9206,http://www.classifieds1000.com,1,1,1,1,1,0,0
9276,http://www.hometalk.com,1,1,-1,1,1,1,0
9277,http://www.date.com,1,1,-1,1,1,0,1
9279,http://www.axs.com,1,1,1,1,1,1,0
9292,http://www.mapmyrun.com,1,1,1,1,1,0,0
9331,http://www.allfreecrochetafghanpatterns.com,-1,1,-1,1,1,1,0
9339,http://www.dailymakeover.com,1,1,1,-1,-1,0,0
9347,http://www.thekrazycouponlady.com,-1,1,-1,1,1,1,0
9359,http://www.food52.com,1,1,-1,1,1,1,0
9376,http://www.kens5.com,1,1,1,-1,1,0,0
9411,http://www.taylorswift.com,1,1,1,1,1,0,0
9431,http://www.seatguru.com,1,1,1,1,1,1,0
9444,http://www.news24.com,1,1,1,1,1,0,0
9459,http://www.startwire.com,1,1,1,1,1,0,0
9468,http://www.urbandecay.com,1,1,-1,1,1,0,1
9486,http://www.seizethedeal.com,1,1,1,-1,-1,0,0